1.0748956; -0.1528569; 6.4310783
1.0663060; 0.0469166; 6.4459574
1.0545386; 0.2465104; 6.4603765
1.0396077; 0.4458964; 6.4743457
1.0215198; 0.6450256; 6.4875975
1.0002757; 0.8438271; 6.4998704
0.9758694; 1.0422891; 6.5111965
0.9483040; 1.2403209; 6.5216018
0.9175751; 1.4378904; 6.5311136
0.8836811; 1.6349460; 6.5397572
0.8466241; 1.8314144; 6.5475557
0.8063948; 2.0272831; 6.5545306
0.7629999; 2.2224580; 6.5607013
0.7164341; 2.4169046; 6.5660859
0.6666958; 2.6105688; 6.5707015
0.6137897; 2.8033741; 6.5745630
0.5577038; 2.9953044; 6.5776850
0.4984490; 3.1862630; 6.5800805
0.4360192; 3.3762111; 6.5817610
0.3704139; 3.5650908; 6.5827389
0.3016407; 3.7528228; 6.5830239
0.2296861; 3.9393840; 6.5826255
0.1545650; 4.1246760; 6.5815502
0.0762721; 4.3086539; 6.5798050
-0.0051913; 4.4912548; 6.5773989
-0.0898149; 4.6723964; 6.5743379
-0.1776109; 4.8520452; 6.5706283
-0.2685609; 5.0301029; 6.5662683
-0.3626680; 5.2065153; 6.5612621
-0.4599281; 5.3812134; 6.5556099
-0.5603282; 5.5541122; 6.5493090
-0.6638764; 5.7251633; 6.5423642
-0.7705523; 5.8942695; 6.5347632
-0.8803544; 6.0613646; 6.5265090
-0.9932745; 6.2263718; 6.5176013
-1.1092973; 6.3892036; 6.5080355
-1.2284183; 6.5497925; 6.4978160
-1.3506074; 6.7080549; 6.4874818
-1.4758380; 6.8639194; 6.4770010
-1.6040538; 7.0173400; 6.4676602
-1.7351692; 7.1682953; 6.4606476
-1.8690872; 7.3167597; 6.4557743
-2.0057193; 7.4627394; 6.4535786
-2.1449611; 7.6062286; 6.4538558
-2.2867181; 7.7472315; 6.4563911
-2.4309059; 7.8857609; 6.4609961
-2.5774179; 8.0218084; 6.4675132
-2.7261862; 8.1554013; 6.4757688
-2.8771160; 8.2865417; 6.4856371
-3.0301270; 8.4152445; 6.4969846
-3.1851516; 8.5415340; 6.5096953
-3.3420890; 8.6654081; 6.5236719
-3.5008905; 8.7869054; 6.5388060
-3.6614706; 8.9060354; 6.5550209
-3.8237606; 9.0228206; 6.5722377
-3.9877064; 9.1372933; 6.5903889
-4.1532150; 9.2494587; 6.6094153
-4.3202509; 9.3593619; 6.6292660
-4.4887381; 9.4670201; 6.6498944
-4.6586176; 9.5724621; 6.6712581
-4.8298448; 9.6757256; 6.6933223
-5.0023371; 9.7768253; 6.7160507
-5.1760667; 9.8758087; 6.7394182
-5.3509678; 9.9727007; 6.7633964
-5.5269898; 10.0675355; 6.7879623
-5.7040951; 10.1603541; 6.8130975
-5.8822136; 10.2511804; 6.8387808
-6.0613212; 10.3400623; 6.8650014
-6.2413627; 10.4270317; 6.8917434
-6.4222952; 10.5121269; 6.9189954
-6.6040860; 10.5953911; 6.9467496
-6.7866785; 10.6768563; 6.9749946
-6.9700498; 10.7565700; 7.0037281
-7.1541551; 10.8345699; 7.0329428
-7.3389583; 10.9108975; 7.0626348
-7.5244304; 10.9855975; 7.0928030
-7.7105283; 11.0587086; 7.1234430
-7.8972283; 11.1302776; 7.1545579
-8.0844959; 11.2003468; 7.1861463
-8.2723009; 11.2689603; 7.2182096
-8.4606165; 11.3361637; 7.2507511
-8.6494130; 11.4020012; 7.2837718
-8.8386646; 11.4665188; 7.3172780
-9.0283464; 11.5297624; 7.3512727
-9.2184331; 11.5917782; 7.3857613
-9.4088994; 11.6526122; 7.4207505
-9.5997277; 11.7123130; 7.4562450
-9.7908899; 11.7709259; 7.4922544
-9.9823688; 11.8284995; 7.5287852
-10.1741438; 11.8850816; 7.5658443
-10.3661907; 11.9407187; 7.6034401
-10.5585014; 11.9954615; 7.6415804
-10.7510477; 12.0493524; 7.6801400
-10.9438191; 12.1024383; 7.7191320
-11.1367995; 12.1547634; 7.7585330
-11.3299674; 12.2063697; 7.7983212
-11.5233231; 12.2573050; 7.8385114
-11.7168371; 12.3076089; 7.8791194
-11.9105042; 12.3573279; 7.9201601
-12.1043112; 12.4065059; 7.9616484
-12.2982359; 12.4551850; 8.0000000
-12.4922857; 12.5034144; 8.0000000
-12.6864282; 12.5512335; 8.0000000
-12.8806622; 12.5986895; 8.0000000
-13.0749761; 12.6458268; 8.0000000
-13.2693469; 12.6926874; 8.0000000
-13.4637875; 12.7393218; 8.0000000
-13.6582624; 12.7857687; 8.0000000
-13.8527734; 12.8320761; 8.0000000
-14.0473097; 12.8782887; 8.0000000
-14.2418471; 12.9244482; 8.0000000
-14.4364023; 12.9706059; 8.0000000
-14.6309371; 13.0168003; 8.0000000
-14.8254547; 13.0630795; 8.0000000
-15.0199444; 13.1094885; 8.0000000
-15.2143808; 13.1560687; 8.0000000
-15.4087823; 13.2028720; 8.0000000
-15.6031082; 13.2499362; 8.0000000
-15.7973622; 13.2973097; 8.0000000
-15.9915325; 13.3450375; 8.0000000
-16.1855925; 13.3931604; 8.0000000
-16.3795601; 13.4417309; 8.0000000
-16.5733928; 13.4907859; 8.0000000
-16.7670933; 13.5403740; 8.0000000
-16.9606479; 13.5905396; 8.0000000
-17.1540287; 13.6413234; 8.0000000
-17.3472511; 13.6927775; 8.0000000
-17.5402711; 13.7449384; 8.0000000
-17.7330889; 13.7978543; 8.0000000
-17.9256885; 13.8515691; 8.0000000
-18.1180402; 13.9061229; 8.0000000
-18.3101548; 13.9615673; 8.0000000
-18.5019876; 14.0179381; 8.0000000
-18.6935349; 14.0752828; 8.0000000
-18.8847772; 14.1336446; 8.0000000
-19.0756831; 14.1930628; 8.0000000
-19.2662569; 14.2535880; 8.0000000
-19.4564534; 14.3152552; 8.0000000
-19.6462635; 14.3781109; 8.0000000
-19.8356637; 14.4421971; 8.0000000
-20.0246207; 14.5075524; 8.0000000
-20.2131301; 14.5742252; 8.0000000
-20.4011467; 14.6422502; 8.0000000
-20.5886547; 14.7116719; 8.0000000
-20.7756259; 14.7825309; 8.0000000
-20.9620245; 14.8548646; 8.0000000
-21.1478360; 14.9287188; 8.0000000
-21.3330153; 15.0041273; 8.0000000
-21.5175383; 15.0811323; 8.0000000
-21.7013715; 15.1597722; 8.0000000
-21.8844765; 15.2400831; 8.0000000
-22.0668271; 15.3221067; 8.0000000
-22.2483779; 15.4058763; 8.0000000
-22.4290961; 15.4914305; 8.0000000
-22.6089417; 15.5788050; 8.0000000
-22.7878708; 15.6680334; 8.0000000
-22.9658450; 15.7591503; 8.0000000
-23.1428284; 15.8521854; 8.0000000
-23.3187719; 15.9471573; 8.0000000
-23.4936650; 16.0440560; 8.0000000
-23.6675167; 16.1428420; 8.0000000
-23.8402958; 16.2434448; 8.0000000
-24.0120529; 16.3458197; 8.0000000
-24.1827826; 16.4498853; 8.0000000
-24.3525083; 16.5555772; 8.0000000
-24.5212614; 16.6628366; 8.0000000
-24.6890391; 16.7715826; 8.0000000
-24.8558911; 16.8817681; 8.0000000
-25.0218261; 16.9933195; 8.0000000
-25.1868745; 17.1061774; 8.0000000
-25.3510718; 17.2202863; 8.0000000
-25.5144269; 17.3355721; 8.0000000
-25.6769910; 17.4519903; 8.0000000
-25.8387812; 17.5694723; 8.0000000
-25.9998338; 17.6879634; 8.0000000
-26.1601881; 17.8074113; 8.0000000
-26.3198609; 17.9277467; 8.0000000
-26.4789059; 18.0489280; 8.0000000
-26.6373459; 18.1708906; 8.0000000
-26.7952215; 18.2935832; 8.0000000
-26.9525754; 18.4169563; 8.0000000
-27.1094295; 18.5409441; 8.0000000
-27.2658397; 18.6655077; 8.0000000
-27.4218327; 18.7905849; 8.0000000
-27.5774520; 18.9161272; 8.0000000
-27.7327427; 19.0420873; 8.0000000
-27.8877298; 19.1684014; 8.0000000
-28.0424708; 19.2950327; 8.0000000
-28.1969948; 19.4219206; 8.0000000
-28.3513468; 19.5490181; 8.0000000
-28.5055730; 19.6762790; 8.0000000
-28.6597006; 19.8036415; 8.0000000
-28.8137868; 19.9310684; 8.0000000
-28.9678622; 20.0585005; 8.0000000
-29.1219722; 20.1858914; 8.0000000
-29.2761627; 20.3131950; 8.0000000
-29.4304618; 20.4403495; 8.0000000
-29.5849284; 20.5673150; 8.0000000
-29.7395956; 20.6940294; 8.0000000
-29.8945105; 20.8204408; 8.0000000
-30.0497215; 20.9464969; 8.0000000
-30.2052620; 21.0721335; 8.0000000
-30.3611860; 21.1973028; 8.0000000
-30.5175303; 21.3219431; 8.0000000
-30.6743389; 21.4459985; 8.0000000
-30.8316556; 21.5694128; 8.0000000
-30.9895171; 21.6921244; 8.0000000
-31.1479674; 21.8140773; 8.0000000
-31.3070449; 21.9352111; 8.0000000
-31.4667877; 22.0554652; 8.0000000
-31.6272337; 22.1747787; 8.0000000
-31.7884217; 22.2930912; 8.0000000
-31.9503833; 22.4103376; 8.0000000
-32.1131575; 22.5264574; 8.0000000
-32.2767752; 22.6413846; 8.0000000
-32.4412660; 22.7550522; 8.0000000
-32.6066695; 22.8674000; 8.0000000
-32.7730035; 22.9783532; 8.0000000
-32.9403054; 23.0878495; 8.0000000
-33.1085971; 23.1958170; 8.0000000
-33.2778988; 23.3021821; 8.0000000
-33.4482481; 23.4068825; 8.0000000
-33.6196481; 23.5098343; 8.0000000
-33.7921317; 23.6109717; 8.0000000
-33.9657106; 23.7102162; 8.0000000
-34.1403933; 23.8074876; 8.0000000
-34.3162128; 23.9027192; 8.0000000
-34.4931562; 23.9958190; 8.0000000
-34.6712490; 24.0867159; 8.0000000
-34.8504905; 24.1753246; 8.0000000
-35.0308761; 24.2615582; 8.0000000
-35.2124297; 24.3453435; 8.0000000
-35.3951220; 24.4265820; 8.0000000
-35.5789672; 24.5051952; 8.0000000
-35.7639498; 24.5810915; 8.0000000
-35.9500502; 24.6541776; 8.0000000
-36.1372777; 24.7243716; 8.0000000
-36.3255868; 24.7915705; 8.0000000
-36.5149747; 24.8556871; 8.0000000
-36.7054090; 24.9166237; 8.0000000
-36.8968526; 24.9742812; 8.0000000
-37.0892933; 25.0285681; 8.0000000
-37.2826695; 25.0793783; 8.0000000
-37.4769548; 25.1266155; 8.0000000
-37.6720969; 25.1701766; 8.0000000
-37.8680381; 25.2099581; 8.0000000
-38.0647358; 25.2458585; 8.0000000
-38.2621141; 25.2777696; 7.9815987
-38.4601124; 25.3055855; 7.9433167
-38.6586562; 25.3292005; 7.9052183
-38.8576636; 25.3485088; 7.8673026
-39.0570472; 25.3634337; 7.8295688
-39.2567138; 25.3739748; 7.7920160
-39.4565621; 25.3801453; 7.7546432
-39.6564971; 25.3819830; 7.7174498
-39.8564262; 25.3795421; 7.6804347
-40.0562593; 25.3728768; 7.6435972
-40.2559086; 25.3620412; 7.6069363
-40.4552925; 25.3470889; 7.5704513
-40.6543298; 25.3280734; 7.5341413
-40.8529426; 25.3050478; 7.4980054
-41.0510561; 25.2780647; 7.4620428
-41.2486003; 25.2471760; 7.4262528
-41.4454998; 25.2124344; 7.3906343
-41.6416923; 25.1738901; 7.3551868
-41.8371141; 25.1315936; 7.3199092
-42.0316873; 25.0855983; 7.2848009
-42.2253746; 25.0359483; 7.2498609
-42.4180892; 24.9826996; 7.2150885
-42.6097919; 24.9258961; 7.1804829
-42.8004334; 24.8655834; 7.1460433
-42.9899169; 24.8018230; 7.1117688
-43.1782516; 24.7346402; 7.0776588
-43.3653228; 24.6641003; 7.0435357
-43.5511019; 24.5901962; 7.0093618
-43.7355290; 24.5129048; 6.9757429
-43.9184282; 24.4321942; 6.9422853
-44.0997307; 24.3478437; 6.9089881
-44.2791814; 24.2596982; 6.8758506
-44.4566379; 24.1675847; 6.8428721
-44.6319325; 24.0713612; 6.8100517
-44.8048006; 23.9709446; 6.7773888
-44.9751181; 23.8661787; 6.7448825
-45.1426109; 23.7569968; 6.7125322
-45.3070713; 23.6432936; 6.6803370
-45.4682687; 23.5249767; 6.6482962
-45.6259061; 23.4020040; 6.6164091
-45.7797479; 23.2742874; 6.5846749
-45.9294893; 23.1417922; 6.5530929
-46.0748265; 23.0044859; 6.5216624
-46.2154422; 22.8623476; 6.4903827
-46.3510047; 22.7153696; 6.4592530
-46.4811396; 22.5635920; 6.4282726
-46.6055011; 22.4070197; 6.3974408
-46.7236764; 22.2457397; 6.3667568
-46.8352439; 22.0798554; 6.3362201
-46.9398223; 21.9094028; 6.3058298
-47.0368880; 21.7346452; 6.2755852
-47.1260294; 21.5556522; 6.2454857
-47.2067176; 21.3727111; 6.2155306
-47.2784185; 21.1861414; 6.1857192
-47.3407016; 20.9960594; 6.1560507
-47.3930364; 20.8031642; 6.1265245
-47.4350821; 20.6077087; 6.0971400
-47.4668813; 20.4103170; 6.0678964
-47.4888327; 20.2116641; 6.0387930
-47.5013817; 20.0120994; 6.0098293
-47.5049654; 19.8122251; 5.9810044
-47.5000505; 19.6123771; 5.9523179
-47.4870908; 19.4128689; 5.9237688
-47.4665358; 19.2139858; 5.8953568
-47.4388391; 19.0160097; 5.8670810
-47.4044282; 18.8190330; 5.8389408
-47.3637565; 18.6233000; 5.8106643
-47.3172406; 18.4288539; 5.7839014
-47.2652935; 18.2357410; 5.7707876
-47.2083631; 18.0441263; 5.7699460
-47.1468041; 17.8538576; 5.7802264
-47.0810537; 17.6650558; 5.8006800
-47.0114745; 17.4776141; 5.8304707
-46.9384310; 17.2914458; 5.8689538
-46.8623360; 17.1065855; 5.9155721
-46.7834963; 16.9228085; 5.9698898
-46.7023015; 16.7400940; 6.0315764
-46.6190835; 16.5582883; 6.1003679
-46.5341736; 16.3772416; 6.1761007
-46.4479246; 16.1968520; 6.2586731
-46.3606575; 16.0169525; 6.3480350
-46.2726887; 15.8373694; 6.4442280
-46.1843598; 15.6579823; 6.5473130
-46.0959954; 15.4786377; 6.6574339
-46.0078755; 15.2990924; 6.7545977
-45.9203958; 15.1193422; 6.8358491
-45.8337959; 14.9390609; 6.8424462
-45.7484597; 14.7582235; 6.7316495
-45.6647300; 14.5767231; 6.6285184
-45.5828327; 14.3941920; 6.5328629
-45.5032610; 14.2108588; 6.4447015
-45.4262074; 14.0262646; 6.3640127
-45.3521182; 13.8405380; 6.2909308
-45.2813632; 13.6536393; 6.2256604
-45.2141834; 13.4651608; 6.1684462
-45.1511324; 13.2755629; 6.1197176
-45.0924270; 13.0843190; 6.0799233
-45.0385708; 12.8917702; 6.0497244
-44.9899568; 12.6979338; 6.0207082
-44.9469255; 12.5025485; 5.9918312
-44.9100090; 12.3062083; 5.9630926
-44.8795386; 12.1085009; 5.9344920
-44.8560258; 11.9099811; 5.9060285
-44.8399044; 11.7107720; 5.8777015
-44.8316201; 11.5109713; 5.8495103
-44.8316360; 11.3111253; 5.8214544
-44.8403979; 11.1114128; 5.7935331
-44.8583655; 10.9123023; 5.7657457
-44.8859659; 10.7144171; 5.7380915
-44.9236513; 10.5181998; 5.7105700
-44.9719450; 10.3239497; 5.6831805
-45.0309383; 10.1334325; 5.6559224
-45.1014370; 9.9461485; 5.6287950
-45.1834447; 9.7639284; 5.6017977
-45.2767116; 9.5871903; 5.5749299
-45.3807273; 9.4159446; 5.5481909
-45.4940444; 9.2515395; 5.5215802
-45.6162536; 9.0931322; 5.4950972
-45.7461214; 8.9410551; 5.4687411
-45.8827795; 8.7951378; 5.4425115
-46.0255504; 8.6550248; 5.4164077
-46.1735396; 8.5205933; 5.3901774
-46.3261552; 8.3914116; 5.3722698
-46.4827860; 8.2670799; 5.3749831
-46.6428254; 8.1471985; 5.3959436
-46.8057054; 8.0313303; 5.4335183
-46.9711215; 7.9188551; 5.4863686
-47.1384022; 7.8093978; 5.5537715
-47.3072711; 7.7023120; 5.6351132
-47.4773007; 7.5970533; 5.7299791
-47.6479955; 7.4931137; 5.8382509
-47.8192526; 7.3897437; 5.9600387
-47.9904423; 7.2865090; 6.0956915
-48.1613401; 7.1827276; 6.2087654
-48.3315659; 7.0778088; 6.2948228
-48.5006538; 6.9712148; 6.3545427
-48.6683592; 6.8622656; 6.3887893
-48.8341123; 6.7504843; 6.3984369
-48.9975201; 6.6352845; 6.3811233
-49.1581413; 6.5162101; 6.3505176
-49.3155114; 6.3929105; 6.3200588
-49.4692136; 6.2650933; 6.2897460
-49.6189915; 6.1326302; 6.2595786
-49.7644997; 5.9955483; 6.2295558
-49.9055712; 5.8538879; 6.1996771
-50.0421162; 5.7077463; 6.1699417
-50.1738875; 5.5574509; 6.1403489
-50.3010082; 5.4030865; 6.1108981
-50.4234085; 5.2449880; 6.0815885
-50.5411145; 5.0833778; 6.0524195
-50.6541817; 4.9184315; 6.0233904
-50.7625743; 4.7504570; 5.9942207
-50.8663879; 4.5795613; 5.9692595
-50.9656284; 4.4059889; 5.9502092
-51.0603435; 4.2299114; 5.9363705
-51.1505929; 4.0514700; 5.9271662
-51.2363899; 3.8708951; 5.9221055
-51.3178146; 3.6882721; 5.9206141
-51.3948977; 3.5037867; 5.9223338
-51.4676925; 3.3175712; 5.9268726
-51.5362587; 3.1297339; 5.9339084
-51.6006303; 2.9404519; 5.9431803
-51.6608784; 2.7497944; 5.9544195
-51.7170487; 2.5579025; 5.9674304
-51.7691987; 2.3648826; 5.9820401
-51.8173905; 2.1708222; 5.9981036
-51.8616757; 1.9758521; 6.0154773
-51.9021229; 1.7800382; 6.0340952
-51.9387919; 1.5834839; 6.0538425
-51.9717472; 1.3862751; 6.0746405
-52.0010560; 1.1884865; 6.0964250
-52.0267836; 0.9902048; 6.1191093
-52.0489987; 0.7914976; 6.1426580
-52.0677701; 0.5924342; 6.1670040
-52.0831668; 0.3930820; 6.1921005
-52.0952590; 0.1935057; 6.2179127
-52.1041179; -0.0062481; 6.2443909
-52.1098137; -0.2061104; 6.2715189
-52.1124185; -0.4060400; 6.2992606
-52.1120037; -0.6059874; 6.3275915
-52.1086415; -0.8058969; 6.3564967
-52.1024035; -1.0057543; 6.3859501
-52.0933629; -1.2054922; 6.4159492
-52.0815914; -1.4050918; 6.4464774
-52.0671613; -1.6045196; 6.4775256
-52.0501465; -1.8037293; 6.5090918
-52.0306161; -2.0027305; 6.5411654
-52.0086459; -2.2014619; 6.5737537
-51.9843064; -2.3999210; 6.6068525
-51.9576694; -2.5980888; 6.6404627
-51.9288097; -2.7959293; 6.6745905
-51.8977934; -2.9934667; 6.7092352
-51.8646978; -3.1906510; 6.7444056
-51.8295912; -3.3874906; 6.7801064
-51.7925445; -3.5839789; 6.8163432
-51.7536321; -3.7800909; 6.8531252
-51.7129172; -3.9758588; 6.8904587
-51.6704773; -4.1712457; 6.9283596
-51.6263789; -4.3662676; 6.9668380
-51.5806911; -4.5609278; 7.0059045
-51.5334875; -4.7552129; 7.0455722
-51.4848296; -4.9491573; 7.0858530
-51.4347935; -5.1427393; 7.1267682
-51.3834446; -5.3359786; 7.1683318
-51.3308507; -5.5288866; 7.2105596
-51.2770833; -5.7214614; 7.2534706
-51.2222041; -5.9137378; 7.2970810
-51.1662892; -6.1057053; 7.3414875
-51.1094043; -6.2973882; 7.3867047
-51.0515939; -6.4887973; 7.4318498
-50.9928821; -6.6799228; 7.4759463
-50.9332600; -6.8707648; 7.5190608
-50.8726051; -7.0612895; 7.5547805
-50.8107716; -7.2514294; 7.5831298
-50.7476159; -7.4411316; 7.6045938
-50.6829930; -7.6303679; 7.6196750
-50.6167900; -7.8190214; 7.6286007
-50.5488636; -8.0070816; 7.6319108
-50.4790966; -8.1944661; 7.6298254
-50.4073700; -8.3811015; 7.6225779
-50.3335578; -8.5669321; 7.6104014
-50.2575488; -8.7518662; 7.5935102
-50.1792240; -8.9358334; 7.5721677
-50.0984696; -9.1187506; 7.5441864
-50.0151762; -9.3005251; 7.5045339
-49.9292401; -9.4810525; 7.4685400
-49.8405405; -9.6602641; 7.4327188
-49.7489937; -9.8380158; 7.3970694
-49.6544878; -10.0142197; 7.3615909
-49.5569251; -10.1887596; 7.3262826
-49.4562366; -10.3614708; 7.2911437
-49.3522831; -10.5323067; 7.2561733
-49.2450331; -10.7010413; 7.2213707
-49.1343787; -10.8675746; 7.1867349
-49.0202382; -11.0317616; 7.1522653
-48.9025906; -11.1933740; 7.1179610
-48.7812765; -11.3523714; 7.0838213
-48.6563337; -11.5084501; 7.0498453
-48.5276633; -11.6614860; 7.0160322
-48.3952097; -11.8112959; 6.9823813
-48.2590117; -11.9575939; 6.9488919
-48.1188996; -12.1003162; 6.9155630
-47.9749939; -12.2390961; 6.8823940
-47.8272187; -12.3737687; 6.8493841
-47.6755627; -12.5041003; 6.8165325
-47.5201301; -12.6297622; 6.7838385
-47.3607804; -12.7506223; 6.7513013
-47.1977138; -12.8662791; 6.7189201
-47.0309093; -12.9765011; 6.6866943
-46.8604305; -13.0809929; 6.6546230
-46.6864466; -13.1793990; 6.6227055
-46.5089458; -13.2714774; 6.5909412
-46.3281807; -13.3568768; 6.5593292
-46.1443090; -13.4353153; 6.5278688
-45.9575176; -13.5065630; 6.4965593
-45.7680298; -13.5704358; 6.4653999
-45.5762716; -13.6267475; 6.4343900
-45.3823588; -13.6755868; 6.4035289
-45.1867636; -13.7169829; 6.3728157
-44.9897738; -13.7510739; 6.3422499
-44.7915948; -13.7780522; 6.3118307
-44.5927230; -13.7980718; 6.2815574
-44.3931961; -13.8113369; 6.2514292
-44.1933758; -13.8180171; 6.2214456
-43.9934502; -13.8182946; 6.1916058
-43.7935481; -13.8123452; 6.1619091
-43.5940158; -13.8003520; 6.1323548
-43.3948511; -13.7824818; 6.1029423
-43.1963094; -13.7589156; 6.0736709
-42.9985060; -13.7298240; 6.0442577
-42.8015165; -13.6953673; 6.0156571
-42.6055787; -13.6557357; 5.9936189
-42.4106700; -13.6110711; 5.9775552
-42.2169598; -13.5615541; 5.9668776
-42.0245142; -13.5073426; 5.9610589
-41.8333701; -13.4485844; 5.9596491
-41.6436787; -13.3854629; 5.9622203
-41.4554094; -13.3181041; 5.9684426
-41.2686612; -13.2466765; 5.9779822
-41.0834648; -13.1713252; 5.9905394
-40.8998288; -13.0921850; 6.0058650
-40.7178355; -13.0094224; 6.0237205
-40.5374510; -12.9231530; 6.0439198
-40.3587194; -12.8335271; 6.0662818
-40.1816445; -12.7406768; 6.0906479
-40.0062144; -12.6447251; 6.1168902
-39.8324565; -12.5458164; 6.1448824
-39.6603360; -12.4440609; 6.1745326
-39.4898538; -12.3395888; 6.2057485
-39.3209929; -12.2325199; 6.2384505
-39.1537263; -12.1229676; 6.2725784
-38.9880375; -12.0110520; 6.3080704
-38.8238923; -11.8968816; 6.3448810
-38.6612586; -11.7805658; 6.3829707
-38.5001023; -11.6622129; 6.4223048
-38.3403865; -11.5419289; 6.4628613
-38.1820595; -11.4198086; 6.5046191
-38.0250893; -11.2959620; 6.5475648
-37.8694183; -11.1704789; 6.5916911
-37.7149993; -11.0434574; 6.6369917
-37.5617892; -10.9149989; 6.6834692
-37.4097076; -10.7851736; 6.7311284
-37.2587262; -10.6540956; 6.7799765
-37.1087679; -10.5218374; 6.8300276
-36.9597755; -10.3884883; 6.8812960
-36.8117033; -10.2541487; 6.9338016
-36.6644471; -10.1188652; 6.9875661
-36.5179846; -9.9827595; 7.0426097
-36.3722238; -9.8458892; 7.0989621
-36.2271000; -9.7083368; 7.1566513
-36.0825677; -9.5702034; 7.2157086
-35.9385041; -9.4315162; 7.2761700
-35.7948946; -9.2924060; 7.3380706
-35.6516366; -9.1529192; 7.4014526
-35.5086607; -9.0131339; 7.4663554
-35.3659227; -8.8731532; 7.5328219
-35.2232880; -8.7329913; 7.6009018
-35.0807482; -8.5927866; 7.6706435
-34.9381946; -8.4525790; 7.7415285
-34.7955573; -8.3124461; 7.8061690
-34.6527964; -8.1724954; 7.8647213
-34.5097676; -8.0327320; 7.9173318
-34.3664715; -7.8933026; 7.9641457
-34.2227965; -7.7542447; 8.0000000
-34.0786745; -7.6156386; 8.0000000
-33.9340703; -7.4775953; 8.0000000
-33.7888384; -7.3401212; 8.0000000
-33.6429871; -7.2033688; 8.0000000
-33.4964060; -7.0673784; 8.0000000
-33.3490330; -6.9322356; 8.0000000
-33.2008367; -6.7980541; 8.0000000
-33.0516802; -6.6648522; 8.0000000
-32.9015761; -6.5327824; 8.0000000
-32.7504217; -6.4018946; 8.0000000
-32.5981644; -6.2722827; 8.0000000
-32.4447769; -6.1440619; 8.0000000
-32.2901411; -6.0172716; 8.0000000
-32.1342699; -5.8920591; 8.0000000
-31.9770769; -5.7684907; 8.0000000
-31.8185216; -5.6466695; 8.0000000
-31.6585808; -5.5267111; 8.0000000
-31.4971694; -5.4086848; 8.0000000
-31.3342924; -5.2927265; 8.0000000
-31.1698935; -5.1789265; 8.0000000
-31.0039439; -5.0673957; 8.0000000
-30.8364245; -4.9582508; 8.0000000
-30.6673012; -4.8515984; 8.0000000
-30.4965575; -4.7475570; 8.0000000
-30.3241866; -4.6462508; 8.0000000
-30.1501672; -4.5477949; 8.0000000
-29.9744860; -4.4523098; 8.0000000
-29.7971814; -4.3599434; 8.0000000
-29.6181965; -4.2707949; 8.0000000
-29.4376056; -4.1850292; 8.0000000
-29.2553864; -4.1027506; 8.0000000
-29.0715407; -4.0240696; 8.0000000
-28.8862234; -3.9491559; 8.0000000
-28.6993072; -3.8780593; 8.0000000
-28.5109897; -3.8109492; 8.0000000
-28.3212758; -3.7478357; 8.0000000
-28.1302232; -3.6886981; 8.0000000
-27.9380834; -3.6335585; 8.0000000
-27.7447829; -3.5823092; 8.0000000
-27.5505493; -3.5349231; 8.0000000
-27.3554216; -3.4913238; 8.0000000
-27.1594573; -3.4514439; 8.0000000
-26.9628503; -3.4152429; 8.0000000
-26.7655587; -3.3826356; 8.0000000
-26.5677465; -3.3535752; 8.0000000
-26.3694495; -3.3279927; 8.0000000
-26.1707121; -3.3058225; 8.0000000
-25.9716769; -3.2870096; 8.0000000
-25.7723195; -3.2714822; 8.0000000
-25.5727565; -3.2591824; 8.0000000
-25.3730228; -3.2500455; 8.0000000
-25.1731534; -3.2440075; 8.0000000
-24.9732436; -3.2410063; 8.0000000
-24.7732895; -3.2409778; 8.0000000
-24.5733653; -3.2438594; 8.0000000
-24.3735028; -3.2495879; 8.0000000
-24.1737305; -3.2581008; 8.0000000
-23.9741054; -3.2693345; 8.0000000
-23.7746400; -3.2832276; 8.0000000
-23.5753739; -3.2997176; 8.0000000
-23.3763349; -3.3187423; 8.0000000
-23.1775467; -3.3402404; 8.0000000
-22.9790325; -3.3641504; 8.0000000
-22.7808199; -3.3904107; 8.0000000
-22.5829203; -3.4189616; 8.0000000
-22.3853562; -3.4497417; 8.0000000
-22.1881483; -3.4826894; 8.0000000
-21.9912910; -3.5177476; 8.0000000
-21.7948218; -3.5548520; 8.0000000
-21.5987312; -3.5939469; 8.0000000
-21.4030359; -3.6349715; 8.0000000
-21.2077552; -3.6778638; 8.0000000
-21.0128583; -3.7225730; 8.0000000
-20.8183902; -3.7690307; 8.0000000
-20.6243257; -3.8171847; 8.0000000
-20.4306735; -3.8669742; 8.0000000
-20.2374506; -3.9183354; 8.0000000
-20.0446091; -3.9712221; 8.0000000
-19.8521955; -4.0255620; 8.0000000
-19.6601738; -4.0813055; 8.0000000
-19.4685452; -4.1383926; 8.0000000
-19.2773234; -4.1967589; 8.0000000
-19.0864499; -4.2563622; 8.0000000
-18.8959683; -4.3171286; 8.0000000
-18.7058368; -4.3790107; 8.0000000
-18.5160496; -4.4419495; 8.0000000
-18.3266154; -4.5058810; 8.0000000
-18.1374728; -4.5707648; 8.0000000
-17.9486570; -4.6365271; 8.0000000
-17.7601249; -4.7031213; 8.0000000
-17.5718649; -4.7704895; 8.0000000
-17.3838793; -4.8385684; 8.0000000
-17.1961096; -4.9073169; 8.0000000
-17.0085794; -4.9766638; 8.0000000
-16.8212477; -5.0465612; 8.0000000
-16.6340981; -5.1169523; 8.0000000
-16.4471253; -5.1877755; 8.0000000
-16.2602801; -5.2589862; 8.0000000
-16.0735702; -5.3305176; 8.0000000
-15.8869607; -5.4023193; 8.0000000
-15.7004315; -5.4743349; 8.0000000
-15.5139698; -5.5465051; 8.0000000
-15.3275387; -5.6187799; 8.0000000
-15.1411299; -5.6910978; 8.0000000
-14.9547163; -5.7634048; 8.0000000
-14.7682754; -5.8356448; 8.0000000
-14.5817874; -5.9077606; 8.0000000
-14.3952303; -5.9796956; 8.0000000
-14.2085801; -6.0513940; 8.0000000
-14.0218190; -6.1227976; 8.0000000
-13.8349238; -6.1938499; 8.0000000
-13.6478689; -6.2644953; 8.0000000
-13.4606479; -6.3346712; 8.0000000
-13.2732233; -6.4043260; 8.0000000
-13.0855875; -6.4733974; 8.0000000
-12.8977179; -6.5418284; 8.0000000
-12.7095857; -6.6095640; 8.0000000
-12.5211986; -6.6765364; 8.0000000
-12.3325107; -6.7426966; 8.0000000
-12.1435231; -6.8079792; 8.0000000
-11.9542166; -6.8723261; 8.0000000
-11.7645623; -6.9356825; 8.0000000
-11.5745791; -6.9979777; 8.0000000
-11.3842193; -7.0591633; 8.0000000
-11.1934913; -7.1191726; 8.0000000
-11.0023812; -7.1779464; 8.0000000
-10.8108643; -7.2354288; 8.0000000
-10.6189657; -7.2915491; 8.0000000
-10.4266445; -7.3462565; 8.0000000
-10.2339130; -7.3994845; 8.0000000
-10.0407653; -7.4511724; 8.0000000
-9.8471856; -7.5012616; 8.0000000
-9.6531979; -7.5496840; 8.0000000
-9.4587786; -7.5963833; 8.0000000
-9.2639419; -7.6412941; 8.0000000
-9.0686896; -7.6843535; 8.0000000
-8.8730159; -7.7254992; 8.0000000
-8.6769486; -7.7646578; 8.0000000
-8.4804701; -7.8017484; 8.0000000
-8.2835961; -7.8366788; 8.0000000
-8.0863355; -7.8693400; 8.0000000
-7.8886922; -7.8996063; 8.0000000
-7.6906764; -7.9273508; 8.0000000
-7.4923134; -7.9524475; 8.0000000
-7.2936145; -7.9747724; 8.0000000
-7.0946111; -7.9942014; 8.0000000
-6.8953515; -8.0106113; 8.0000000
-6.6958295; -8.0238830; 8.0000000
-6.4961411; -8.0338908; 8.0000000
-6.2963019; -8.0405142; 8.0000000
-6.0963727; -8.0436301; 8.0000000
-5.8964545; -8.0431159; 8.0000000
-5.6965243; -8.0388477; 8.0000000
-5.4967568; -8.0307043; 8.0000000
-5.2971789; -8.0185613; 8.0000000
-5.0978853; -8.0022957; 8.0000000
-4.8990335; -7.9817914; 7.9626833
-4.7006030; -7.9569127; 7.9244920
-4.5028416; -7.9275548; 7.8864839
-4.3058035; -7.8935891; 7.8486581
-4.1096265; -7.8548971; 7.8110137
-3.9145214; -7.8113775; 7.7735499
-3.7205065; -7.7628850; 7.7362657
-3.5278840; -7.7093414; 7.6991604
-3.3367613; -7.6506210; 7.6622331
-3.1473294; -7.5866198; 7.6254828
-2.9598434; -7.5172589; 7.5889089
-2.7744154; -7.4424062; 7.5525103
-2.5913646; -7.3620105; 7.5162863
-2.4108932; -7.2759753; 7.4802361
-2.2332503; -7.1842239; 7.4443588
-2.0587195; -7.0866984; 7.4086535
-1.8875926; -6.9833485; 7.3731195
-1.7201331; -6.8741036; 7.3377559
-1.5567059; -6.7589623; 7.3025620
-1.3975994; -6.6379137; 7.2675368
-1.2430805; -6.5109558; 7.2326797
-1.0935760; -6.3783125; 7.1979897
-0.9490543; -6.2401053; 7.1634661
-0.8097158; -6.0967245; 7.1291081
-0.6756016; -5.9484616; 7.0949149
-0.5466812; -5.7955632; 7.0608856
-0.4230834; -5.6384671; 7.0270196
-0.3046978; -5.4773161; 6.9933161
-0.1915755; -5.3124545; 6.9597741
-0.0836920; -5.1441302; 6.9263931
0.0190075; -4.9725397; 6.8931721
0.1164996; -4.7980112; 6.8601105
0.2088774; -4.6206761; 6.8272075
0.2961629; -4.4407912; 6.7944623
0.3784110; -4.2585555; 6.7618741
0.4556917; -4.0741334; 6.7294423
0.5280480; -3.8877546; 6.6971660
0.5955636; -3.6995515; 6.6650444
0.6583029; -3.5097041; 6.6330770
0.7163395; -3.3183705; 6.6012629
0.7697531; -3.1256917; 6.5696014
0.8186224; -2.9318099; 6.5380917
0.8630293; -2.7368613; 6.5065896
0.9030599; -2.5409633; 6.4752255
0.9387997; -2.3442372; 6.4494339
0.9703356; -2.1468049; 6.4287848
0.9977619; -1.9487388; 6.4128509
1.0211646; -1.7501734; 6.4012894
1.0406390; -1.5511782; 6.3937527
1.0562780; -1.3518416; 6.3899401
1.0681750; -1.1522669; 6.3895921
1.0764284; -0.9524761; 6.3924414
1.0811326; -0.7525924; 6.3983145
1.0823861; -0.5526523; 6.4069963
1.0802791; -0.3527140; 6.4180474
1.0748956; -0.1528569; 6.4310783