#x_m        ; y_m         ; vx_mps      ; psi_rad
-0.0440806  ; -0.8491629  ; 8.0000000   ; 3.4034118
-0.2372250  ; -0.9009210  ; 8.0000000   ; 3.4034229
-0.4303688  ; -0.9526814  ; 8.0000000   ; 3.4034352
-0.6235119  ; -1.0044443  ; 8.0000000   ; 3.4034487
-0.8166543  ; -1.0562099  ; 8.0000000   ; 3.4034633
-1.0097960  ; -1.1079784  ; 8.0000000   ; 3.4034790
-1.2029368  ; -1.1597500  ; 8.0000000   ; 3.4034959
-1.3960767  ; -1.2115250  ; 8.0000000   ; 3.4035138
-1.5892156  ; -1.2633036  ; 8.0000000   ; 3.4035329
-1.7823535  ; -1.3150860  ; 8.0000000   ; 3.4035529
-1.9754904  ; -1.3668723  ; 8.0000000   ; 3.4035740
-2.1686261  ; -1.4186628  ; 8.0000000   ; 3.4035961
-2.3617606  ; -1.4704577  ; 8.0000000   ; 3.4036192
-2.5548940  ; -1.5222571  ; 8.0000000   ; 3.4036432
-2.7480260  ; -1.5740613  ; 8.0000000   ; 3.4036682
-2.9411568  ; -1.6258704  ; 8.0000000   ; 3.4036941
-3.1342862  ; -1.6776845  ; 8.0000000   ; 3.4037208
-3.3274142  ; -1.7295039  ; 8.0000000   ; 3.4037484
-3.5205407  ; -1.7813287  ; 8.0000000   ; 3.4037768
-3.7136658  ; -1.8331591  ; 8.0000000   ; 3.4038059
-3.9067893  ; -1.8849951  ; 8.0000000   ; 3.4038359
-4.0999112  ; -1.9368370  ; 8.0000000   ; 3.4038665
-4.2930315  ; -1.9886849  ; 8.0000000   ; 3.4038978
-4.4861502  ; -2.0405389  ; 8.0000000   ; 3.4039298
-4.6792673  ; -2.0923992  ; 8.0000000   ; 3.4039624
-4.8723826  ; -2.1442658  ; 8.0000000   ; 3.4039956
-5.0654961  ; -2.1961388  ; 8.0000000   ; 3.4040293
-5.2586080  ; -2.2480185  ; 8.0000000   ; 3.4040636
-5.4517180  ; -2.2999048  ; 8.0000000   ; 3.4040983
-5.6448262  ; -2.3517978  ; 8.0000000   ; 3.4041335
-5.8379326  ; -2.4036977  ; 8.0000000   ; 3.4041691
-6.0310371  ; -2.4556044  ; 8.0000000   ; 3.4042050
-6.2241397  ; -2.5075182  ; 8.0000000   ; 3.4042413
-6.4172405  ; -2.5594390  ; 8.0000000   ; 3.4042780
-6.6103393  ; -2.6113669  ; 8.0000000   ; 3.4043148
-6.8034362  ; -2.6633019  ; 8.0000000   ; 3.4043519
-6.9965312  ; -2.7152441  ; 8.0000000   ; 3.4043892
-7.1896243  ; -2.7671936  ; 8.0000000   ; 3.4044267
-7.3827154  ; -2.8191502  ; 8.0000000   ; 3.4044642
-7.5758045  ; -2.8711142  ; 8.0000000   ; 3.4045019
-7.7688917  ; -2.9230854  ; 8.0000000   ; 3.4045396
-7.9619769  ; -2.9750639  ; 8.0000000   ; 3.4045773
-8.1550602  ; -3.0270497  ; 8.0000000   ; 3.4046150
-8.3481415  ; -3.0790427  ; 8.0000000   ; 3.4046527
-8.5412208  ; -3.1310431  ; 8.0000000   ; 3.4046903
-8.7342982  ; -3.1830506  ; 8.0000000   ; 3.4047277
-8.9273737  ; -3.2350654  ; 8.0000000   ; 3.4047650
-9.1204472  ; -3.2870874  ; 8.0000000   ; 3.4048021
-9.3135188  ; -3.3391165  ; 8.0000000   ; 3.4048389
-9.5065885  ; -3.3911526  ; 8.0000000   ; 3.4048755
-9.6996563  ; -3.4431959  ; 8.0000000   ; 3.4049118
-9.8927222  ; -3.4952461  ; 8.0000000   ; 3.4049478
-10.0857862 ; -3.5473032  ; 8.0000000   ; 3.4049835
-10.2788484 ; -3.5993672  ; 8.0000000   ; 3.4050187
-10.4719088 ; -3.6514379  ; 8.0000000   ; 3.4050535
-10.6649673 ; -3.7035153  ; 8.0000000   ; 3.4050879
-10.8580241 ; -3.7555993  ; 8.0000000   ; 3.4051218
-11.0510792 ; -3.8076898  ; 8.0000000   ; 3.4051552
-11.2441325 ; -3.8597867  ; 8.0000000   ; 3.4051881
-11.4371841 ; -3.9118899  ; 8.0000000   ; 3.4052204
-11.6302340 ; -3.9639993  ; 8.0000000   ; 3.4052522
-11.8232824 ; -4.0161147  ; 8.0000000   ; 3.4052833
-12.0163290 ; -4.0682361  ; 8.0000000   ; 3.4053137
-12.2093742 ; -4.1203633  ; 8.0000000   ; 3.4053435
-12.4024178 ; -4.1724962  ; 8.0000000   ; 3.4053726
-12.5954599 ; -4.2246346  ; 8.0000000   ; 3.4054010
-12.7885005 ; -4.2767785  ; 8.0000000   ; 3.4054286
-12.9815397 ; -4.3289276  ; 8.0000000   ; 3.4054554
-13.1745776 ; -4.3810818  ; 8.0000000   ; 3.4054815
-13.3676141 ; -4.4332409  ; 8.0000000   ; 3.4055068
-13.5606493 ; -4.4854049  ; 8.0000000   ; 3.4055312
-13.7536832 ; -4.5375735  ; 8.0000000   ; 3.4055548
-13.9467160 ; -4.5897465  ; 8.0000000   ; 3.4055774
-14.1397476 ; -4.6419238  ; 8.0000000   ; 3.4055992
-14.3327780 ; -4.6941053  ; 8.0000000   ; 3.4056201
-14.5258074 ; -4.7462907  ; 8.0000000   ; 3.4056400
-14.7188358 ; -4.7984799  ; 8.0000000   ; 3.4056590
-14.9118633 ; -4.8506726  ; 8.0000000   ; 3.4056770
-15.1048898 ; -4.9028687  ; 8.0000000   ; 3.4056940
-15.2979154 ; -4.9550679  ; 8.0000000   ; 3.4057100
-15.4909403 ; -5.0072702  ; 8.0000000   ; 3.4057249
-15.6839644 ; -5.0594753  ; 8.0000000   ; 3.4057388
-15.8769878 ; -5.1116829  ; 8.0000000   ; 3.4057517
-16.0700105 ; -5.1638929  ; 8.0000000   ; 3.4057635
-16.2630327 ; -5.2161051  ; 8.0000000   ; 3.4057741
-16.4560543 ; -5.2683192  ; 8.0000000   ; 3.4057837
-16.6490755 ; -5.3205351  ; 8.0000000   ; 3.4057922
-16.8420962 ; -5.3727525  ; 8.0000000   ; 3.4057995
-17.0351166 ; -5.4249712  ; 8.0000000   ; 3.4058056
-17.2281368 ; -5.4771909  ; 8.0000000   ; 3.4058106
-17.4211566 ; -5.5294116  ; 8.0000000   ; 3.4058145
-17.6141764 ; -5.5816328  ; 8.0000000   ; 3.4058171
-17.8071959 ; -5.6338544  ; 8.0000000   ; 3.4058185
-18.0002155 ; -5.6860762  ; 8.0000000   ; 3.4058187
-18.1932351 ; -5.7382980  ; 8.0000000   ; 3.4058177
-18.3862547 ; -5.7905194  ; 8.0000000   ; 3.4058155
-18.5792746 ; -5.8427402  ; 8.0000000   ; 3.4058120
-18.7722946 ; -5.8949603  ; 8.0000000   ; 3.4058073
-18.9653149 ; -5.9471793  ; 8.0000000   ; 3.4058013
-19.1583356 ; -5.9993970  ; 8.0000000   ; 3.4057940
-19.3513566 ; -6.0516132  ; 8.0000000   ; 3.4057854
-19.5443782 ; -6.1038277  ; 8.0000000   ; 3.4057755
-19.7374003 ; -6.1560401  ; 8.0000000   ; 3.4057643
-19.9304230 ; -6.2082502  ; 8.0000000   ; 3.4057519
-20.1234465 ; -6.2604578  ; 8.0000000   ; 3.4057381
-20.3164706 ; -6.3126625  ; 8.0000000   ; 3.4057229
-20.5094956 ; -6.3648643  ; 8.0000000   ; 3.4057063
-20.7025215 ; -6.4170627  ; 8.0000000   ; 3.4056885
-20.8955483 ; -6.4692575  ; 8.0000000   ; 3.4056693
-21.0885762 ; -6.5214485  ; 8.0000000   ; 3.4056489
-21.2816052 ; -6.5736354  ; 8.0000000   ; 3.4056273
-21.4746353 ; -6.6258181  ; 8.0000000   ; 3.4056048
-21.6676667 ; -6.6779964  ; 8.0000000   ; 3.4055818
-21.8606992 ; -6.7301702  ; 8.0000000   ; 3.4055582
-22.0537330 ; -6.7823394  ; 8.0000000   ; 3.4055346
-22.2467680 ; -6.8345041  ; 8.0000000   ; 3.4055110
-22.4398042 ; -6.8866642  ; 8.0000000   ; 3.4054876
-22.6328417 ; -6.9388199  ; 8.0000000   ; 3.4054648
-22.8258803 ; -6.9909712  ; 8.0000000   ; 3.4054425
-23.0189200 ; -7.0431183  ; 8.0000000   ; 3.4054212
-23.2119609 ; -7.0952614  ; 8.0000000   ; 3.4054009
-23.4050027 ; -7.1474007  ; 8.0000000   ; 3.4053818
-23.5980455 ; -7.1995364  ; 8.0000000   ; 3.4053643
-23.7910892 ; -7.2516689  ; 8.0000000   ; 3.4053483
-23.9841337 ; -7.3037985  ; 8.0000000   ; 3.4053342
-24.1771789 ; -7.3559256  ; 8.0000000   ; 3.4053220
-24.3702246 ; -7.4080505  ; 8.0000000   ; 3.4053126
-24.5632708 ; -7.4601740  ; 8.0000000   ; 3.4053065
-24.7563171 ; -7.5122966  ; 8.0000000   ; 3.4053042
-24.9493634 ; -7.5644193  ; 8.0000000   ; 3.4053080
-25.1424095 ; -7.6165435  ; 8.0000000   ; 3.4053179
-25.3354557 ; -7.6686671  ; 8.0000000   ; 3.4052921
-25.5285048 ; -7.7207797  ; 8.0000000   ; 3.4052028
-25.7215579 ; -7.7728659  ; 8.0000000   ; 3.4049954
-25.9146310 ; -7.8248816  ; 8.0000000   ; 3.4044521
-26.1077465 ; -7.8767590  ; 8.0000000   ; 3.4035492
-26.3009068 ; -7.9284187  ; 8.0000000   ; 3.4022122
-26.4941633 ; -7.9797772  ; 8.0000000   ; 3.4003912
-26.6875186 ; -8.0307333  ; 8.0000000   ; 3.3980418
-26.8810112 ; -8.0811682  ; 8.0000000   ; 3.3949863
-27.0746851 ; -8.1309440  ; 8.0000000   ; 3.3912062
-27.2685495 ; -8.1799123  ; 8.0000000   ; 3.3866831
-27.4626604 ; -8.2279320  ; 8.0000000   ; 3.3814039
-27.6570369 ; -8.2748522  ; 8.0000000   ; 3.3753719
-27.8517090 ; -8.3205266  ; 8.0000000   ; 3.3685979
-28.0467060 ; -8.3648098  ; 8.0000000   ; 3.3610827
-28.2420422 ; -8.4075534  ; 8.0000000   ; 3.3528291
-28.4377406 ; -8.4486112  ; 8.0000000   ; 3.3438379
-28.6338161 ; -8.4878359  ; 8.0000000   ; 3.3341088
-28.8302765 ; -8.5250784  ; 8.0000000   ; 3.3236423
-29.0271261 ; -8.5601894  ; 8.0000000   ; 3.3124371
-29.2243760 ; -8.5930209  ; 8.0000000   ; 3.3004927
-29.4220067 ; -8.6234196  ; 8.0000000   ; 3.2878083
-29.6200241 ; -8.6512365  ; 8.0000000   ; 3.2743813
-29.8184047 ; -8.6763184  ; 8.0000000   ; 3.2602114
-30.0171191 ; -8.6985117  ; 8.0000000   ; 3.2452957
-30.2161691 ; -8.7176659  ; 8.0000000   ; 3.2296308
-30.4154814 ; -8.7336237  ; 8.0000000   ; 3.2132159
-30.6150463 ; -8.7462330  ; 8.0000000   ; 3.1960443
-30.8147992 ; -8.7553381  ; 8.0000000   ; 3.1781145
-31.0146677 ; -8.7607837  ; 8.0000000   ; 3.1594211
-31.2146361 ; -8.7624156  ; 8.0000000   ; 3.1399570
-31.4145673 ; -8.7600786  ; 8.0000000   ; 3.1197214
-31.6144263 ; -8.7536178  ; 8.0000000   ; 3.0987023
-31.8140979 ; -8.7428797  ; 8.0000000   ; 3.0768968
-32.0134577 ; -8.7277133  ; 8.0000000   ; 3.0542958
-32.2124583 ; -8.7079607  ; 8.0000000   ; 3.0308852
-32.4108939 ; -8.6834796  ; 8.0000000   ; 3.0066621
-32.6086877 ; -8.6541140  ; 8.0000000   ; 2.9816039
-32.8056656 ; -8.6197185  ; 8.0000000   ; 2.9556913
-33.0016435 ; -8.5801511  ; 8.0000000   ; 2.9289081
-33.1965145 ; -8.5352512  ; 8.0000000   ; 2.9012102
-33.3900054 ; -8.4848914  ; 8.0000000   ; 2.8725743
-33.5819657 ; -8.4289187  ; 8.0000000   ; 2.8430647
-33.7721723 ; -8.3672515  ; 8.0000000   ; 2.8129917
-33.9604004 ; -8.2998481  ; 8.0000000   ; 2.7823784
-34.1464911 ; -8.2267195  ; 8.0000000   ; 2.7520722
-34.3303225 ; -8.1480539  ; 8.0000000   ; 2.7225572
-34.5117681 ; -8.0640782  ; 8.0000000   ; 2.6938599
-34.6907816 ; -7.9750089  ; 8.0000000   ; 2.6661015
-34.8673184 ; -7.8810771  ; 8.0000000   ; 2.6392743
-35.0412763 ; -7.7825460  ; 8.0000000   ; 2.6133524
-35.2127104 ; -7.6795878  ; 8.0000000   ; 2.5882998
-35.3815280 ; -7.5724596  ; 8.0000000   ; 2.5641106
-35.5477614 ; -7.4613438  ; 8.0000000   ; 2.5407668
-35.7114288 ; -7.3464286  ; 8.0000000   ; 2.5182532
-35.8724724 ; -7.2279576  ; 8.0000000   ; 2.4965660
-36.0309994 ; -7.1060543  ; 8.0000000   ; 2.4756836
-36.1869712 ; -6.9809506  ; 8.0000000   ; 2.4556047
-36.3404573 ; -6.8527964  ; 8.0000000   ; 2.4363218
-36.4915146 ; -6.7217493  ; 8.0000000   ; 2.4178247
-36.6401432 ; -6.5880178  ; 8.0000000   ; 2.4001146
-36.7864599 ; -6.4517070  ; 8.0000000   ; 2.3831797
-36.9304864 ; -6.3130076  ; 8.0000000   ; 2.3670184
-37.0723096 ; -6.1720510  ; 8.0000000   ; 2.3516265
-37.2120113 ; -6.0289710  ; 8.0000000   ; 2.3369982
-37.3496462 ; -5.8839307  ; 8.0000000   ; 2.3231342
-37.4853225 ; -5.7370374  ; 8.0000000   ; 2.3100303
-37.6191161 ; -5.5884326  ; 8.0000000   ; 2.2976847
-37.7511209 ; -5.4382385  ; 8.0000000   ; 2.2860977
-37.8814352 ; -5.2865729  ; 8.0000000   ; 2.2752671
-38.0101588 ; -5.1335521  ; 8.0000000   ; 2.2651982
-38.1373896 ; -4.9792971  ; 8.0000000   ; 2.2558944
-38.2632462 ; -4.8239048  ; 8.0000000   ; 2.2473589
-38.3878299 ; -4.6674970  ; 8.0000000   ; 2.2396095
-38.5112527 ; -4.5101859  ; 8.0000000   ; 2.2326447
-38.6336475 ; -4.3520460  ; 8.0000000   ; 2.2263854
-38.7550890 ; -4.1932018  ; 8.0000000   ; 2.2207930
-38.8756991 ; -4.0337139  ; 8.0000000   ; 2.2158671
-38.9955754 ; -3.8736737  ; 8.0000000   ; 2.2116083
-39.1148198 ; -3.7131680  ; 8.0000000   ; 2.2080096
-39.2335226 ; -3.5522545  ; 8.0000000   ; 2.2047526
-39.3517151 ; -3.3909652  ; 8.0000000   ; 2.2016715
-39.4694231 ; -3.2293221  ; 8.0000000   ; 2.1987319
-39.5866587 ; -3.0673361  ; 8.0000000   ; 2.1958275
-39.7034256 ; -2.9050117  ; 8.0000000   ; 2.1929505
-39.8197272 ; -2.7423538  ; 8.0000000   ; 2.1901009
-39.9355670 ; -2.5793668  ; 8.0000000   ; 2.1872789
-40.0509486 ; -2.4160553  ; 8.0000000   ; 2.1844844
-40.1658756 ; -2.2524234  ; 8.0000000   ; 2.1817172
-40.2803518 ; -2.0884755  ; 8.0000000   ; 2.1789775
-40.3943804 ; -1.9242165  ; 8.0000000   ; 2.1762650
-40.5079655 ; -1.7596500  ; 8.0000000   ; 2.1735798
-40.6211104 ; -1.5947809  ; 8.0000000   ; 2.1709219
-40.7338189 ; -1.4296131  ; 8.0000000   ; 2.1682911
-40.8460950 ; -1.2641506  ; 8.0000000   ; 2.1656875
-40.9579418 ; -1.0983985  ; 8.0000000   ; 2.1631110
-41.0693638 ; -0.9323596  ; 8.0000000   ; 2.1605616
-41.1803640 ; -0.7660391  ; 8.0000000   ; 2.1580392
-41.2909468 ; -0.5994406  ; 8.0000000   ; 2.1555438
-41.4011159 ; -0.4325677  ; 8.0000000   ; 2.1530753
-41.5108746 ; -0.2654256  ; 8.0000000   ; 2.1506338
-41.6202276 ; -0.0980168  ; 8.0000000   ; 2.1482191
-41.7291779 ; 0.0696537   ; 8.0000000   ; 2.1458313
-41.8377299 ; 0.2375825   ; 8.0000000   ; 2.1434703
-41.9458877 ; 0.4057660   ; 8.0000000   ; 2.1411361
-42.0536543 ; 0.5741994   ; 8.0000000   ; 2.1388286
-42.1610348 ; 0.7428803   ; 8.0000000   ; 2.1365478
-42.2680321 ; 0.9118037   ; 8.0000000   ; 2.1342937
-42.3746507 ; 1.0809667   ; 8.0000000   ; 2.1320662
-42.4808948 ; 1.2503657   ; 8.0000000   ; 2.1298653
-42.5867676 ; 1.4199959   ; 8.0000000   ; 2.1276911
-42.6922740 ; 1.5898552   ; 8.0000000   ; 2.1255433
-42.7974173 ; 1.7599389   ; 8.0000000   ; 2.1234221
-42.9022019 ; 1.9302439   ; 8.0000000   ; 2.1213274
-43.0066321 ; 2.1007671   ; 8.0000000   ; 2.1192591
-43.1107111 ; 2.2715039   ; 8.0000000   ; 2.1172172
-43.2144440 ; 2.4424521   ; 8.0000000   ; 2.1152018
-43.3178341 ; 2.6136072   ; 8.0000000   ; 2.1132127
-43.4208859 ; 2.7849663   ; 8.0000000   ; 2.1112499
-43.5236037 ; 2.9565264   ; 8.0000000   ; 2.1093135
-43.6259909 ; 3.1282832   ; 8.0000000   ; 2.1074034
-43.7280524 ; 3.3002343   ; 8.0000000   ; 2.1055195
-43.8297919 ; 3.4723758   ; 8.0000000   ; 2.1036619
-43.9312138 ; 3.6447047   ; 8.0000000   ; 2.1018305
-44.0323222 ; 3.8172180   ; 8.0000000   ; 2.1000253
-44.1331211 ; 3.9899119   ; 8.0000000   ; 2.0982462
-44.2336151 ; 4.1627838   ; 8.0000000   ; 2.0964933
-44.3338080 ; 4.3358301   ; 8.0000000   ; 2.0947665
-44.4337043 ; 4.5090478   ; 8.0000000   ; 2.0930658
-44.5333081 ; 4.6824341   ; 8.0000000   ; 2.0913912
-44.6326236 ; 4.8559854   ; 8.0000000   ; 2.0897426
-44.7316552 ; 5.0296991   ; 8.0000000   ; 2.0881200
-44.8304070 ; 5.2035719   ; 8.0000000   ; 2.0865235
-44.9288834 ; 5.3776008   ; 8.0000000   ; 2.0849529
-45.0270886 ; 5.5517829   ; 8.0000000   ; 2.0834083
-45.1250269 ; 5.7261154   ; 8.0000000   ; 2.0818897
-45.2227025 ; 5.9005948   ; 8.0000000   ; 2.0803970
-45.3201200 ; 6.0752189   ; 8.0000000   ; 2.0789302
-45.4172835 ; 6.2499843   ; 8.0000000   ; 2.0774893
-45.5141971 ; 6.4248881   ; 8.0000000   ; 2.0760743
-45.6108658 ; 6.5999281   ; 8.0000000   ; 2.0746851
-45.7072931 ; 6.7751003   ; 8.0000000   ; 2.0733218
-45.8034840 ; 6.9504032   ; 8.0000000   ; 2.0719844
-45.8994426 ; 7.1258331   ; 8.0000000   ; 2.0706727
-45.9951730 ; 7.3013870   ; 8.0000000   ; 2.0693868
-46.0906804 ; 7.4770636   ; 8.0000000   ; 2.0681267
-46.1859680 ; 7.6528582   ; 8.0000000   ; 2.0668923
-46.2810413 ; 7.8287699   ; 8.0000000   ; 2.0656837
-46.3759040 ; 8.0047948   ; 8.0000000   ; 2.0645008
-46.4705603 ; 8.1809299   ; 8.0000000   ; 2.0633437
-46.5650158 ; 8.3571747   ; 8.0000000   ; 2.0622122
-46.6592732 ; 8.5335235   ; 8.0000000   ; 2.0611064
-46.7533385 ; 8.7099764   ; 8.0000000   ; 2.0600263
-46.8472152 ; 8.8865292   ; 8.0000000   ; 2.0589718
-46.9409075 ; 9.0631788   ; 8.0000000   ; 2.0579429
-47.0344212 ; 9.2399253   ; 8.0000000   ; 2.0569397
-47.1277588 ; 9.4167625   ; 8.0000000   ; 2.0559621
-47.2209265 ; 9.5936911   ; 8.0000000   ; 2.0550101
-47.3139277 ; 9.7707066   ; 8.0000000   ; 2.0540837
-47.4067666 ; 9.9478060   ; 8.0000000   ; 2.0531828
-47.4994494 ; 10.1249900  ; 8.0000000   ; 2.0523075
-47.5919781 ; 10.3022515  ; 8.0000000   ; 2.0514578
-47.6843593 ; 10.4795922  ; 8.0000000   ; 2.0506335
-47.7765963 ; 10.6570072  ; 8.0000000   ; 2.0498348
-47.8686931 ; 10.8344933  ; 8.0000000   ; 2.0490616
-47.9606563 ; 11.0120521  ; 8.0000000   ; 2.0483139
-48.0524876 ; 11.1896757  ; 8.0000000   ; 2.0475916
-48.1441939 ; 11.3673665  ; 8.0000000   ; 2.0468949
-48.2357782 ; 11.5451193  ; 8.0000000   ; 2.0462236
-48.3272447 ; 11.7229309  ; 8.0000000   ; 2.0455777
-48.4186002 ; 11.9008034  ; 8.0000000   ; 2.0449572
-48.5098460 ; 12.0787282  ; 8.0000000   ; 2.0443622
-48.6009893 ; 12.2567086  ; 8.0000000   ; 2.0437926
-48.6920331 ; 12.4347389  ; 8.0000000   ; 2.0432483
-48.7829814 ; 12.6128158  ; 8.0000000   ; 2.0427295
-48.8738413 ; 12.7909422  ; 8.0000000   ; 2.0422360
-48.9646138 ; 12.9691088  ; 8.0000000   ; 2.0417678
-49.0553065 ; 13.1473194  ; 8.0000000   ; 2.0413250
-49.1459220 ; 13.3255680  ; 8.0000000   ; 2.0409076
-49.2364644 ; 13.5038516  ; 8.0000000   ; 2.0405154
-49.3269411 ; 13.6821731  ; 8.0000000   ; 2.0401486
-49.4173527 ; 13.8605229  ; 8.0000000   ; 2.0398070
-49.5077070 ; 14.0389054  ; 8.0000000   ; 2.0394907
-49.5980067 ; 14.2173142  ; 8.0000000   ; 2.0391997
-49.6882558 ; 14.3957463  ; 8.0000000   ; 2.0389339
-49.7784616 ; 14.5742051  ; 8.0000000   ; 2.0386934
-49.8686248 ; 14.7526805  ; 8.0000000   ; 2.0384781
-49.9587533 ; 14.9311772  ; 8.0000000   ; 2.0382880
-50.0488496 ; 15.1096889  ; 8.0000000   ; 2.0381230
-50.1389177 ; 15.2882123  ; 8.0000000   ; 2.0379833
-50.2289652 ; 15.4667512  ; 8.0000000   ; 2.0378688
-50.3189923 ; 15.6452951  ; 8.0000000   ; 2.0377794
-50.4090074 ; 15.8238491  ; 8.0000000   ; 2.0377151
-50.4990126 ; 16.0024066  ; 8.0000000   ; 2.0376759
-50.5890121 ; 16.1809647  ; 8.0000000   ; 2.0376618
-50.6790134 ; 16.3595269  ; 8.0000000   ; 2.0376726
-50.7690167 ; 16.5380828  ; 8.0000000   ; 2.0377081
-50.8590301 ; 16.7166377  ; 8.0000000   ; 2.0377682
-50.9490558 ; 16.8951848  ; 8.0000000   ; 2.0378520
-51.0390975 ; 17.0737213  ; 8.0000000   ; 2.0379598
-51.1291629 ; 17.2522504  ; 8.0000000   ; 2.0380976
-51.2192542 ; 17.4307624  ; 8.0000000   ; 2.0382682
-51.3093801 ; 17.6092600  ; 8.0000000   ; 2.0384715
-51.3995447 ; 17.7877370  ; 8.0000000   ; 2.0387073
-51.4897537 ; 17.9661900  ; 8.0000000   ; 2.0389755
-51.5800148 ; 18.1446203  ; 8.0000000   ; 2.0392746
-51.6703304 ; 18.3230190  ; 8.0000000   ; 2.0396038
-51.7607086 ; 18.5013892  ; 8.0000000   ; 2.0399631
-51.8511531 ; 18.6797245  ; 8.0000000   ; 2.0403524
-51.9416690 ; 18.8580219  ; 8.0000000   ; 2.0407718
-52.0322638 ; 19.0362828  ; 8.0000000   ; 2.0412212
-52.1229398 ; 19.2144986  ; 8.0000000   ; 2.0417007
-52.2137053 ; 19.3926720  ; 8.0000000   ; 2.0422101
-52.3045636 ; 19.5707968  ; 8.0000000   ; 2.0427496
-52.3955201 ; 19.7488699  ; 8.0000000   ; 2.0433190
-52.4865819 ; 19.9268926  ; 8.0000000   ; 2.0439183
-52.5777517 ; 20.1048564  ; 8.0000000   ; 2.0445476
-52.6690373 ; 20.2827637  ; 8.0000000   ; 2.0452068
-52.7604423 ; 20.4606086  ; 8.0000000   ; 2.0458959
-52.8519719 ; 20.6383880  ; 8.0000000   ; 2.0466149
-52.9436333 ; 20.8161025  ; 8.0000000   ; 2.0473638
-53.0354290 ; 20.9937444  ; 8.0000000   ; 2.0481425
-53.1273667 ; 21.1713155  ; 8.0000000   ; 2.0489511
-53.2194502 ; 21.3488100  ; 8.0000000   ; 2.0497894
-53.3116847 ; 21.5262249  ; 8.0000000   ; 2.0506576
-53.4040768 ; 21.7035603  ; 8.0000000   ; 2.0515556
-53.4966297 ; 21.8808091  ; 8.0000000   ; 2.0524833
-53.5893505 ; 22.0579725  ; 8.0000000   ; 2.0534408
-53.6822432 ; 22.2350448  ; 8.0000000   ; 2.0544281
-53.7753128 ; 22.4120232  ; 8.0000000   ; 2.0554450
-53.8685659 ; 22.5889072  ; 8.0000000   ; 2.0564917
-53.9620057 ; 22.7656901  ; 8.0000000   ; 2.0575680
-54.0556393 ; 22.9423727  ; 8.0000000   ; 2.0586741
-54.1494704 ; 23.1189495  ; 8.0000000   ; 2.0598098
-54.2435043 ; 23.2954176  ; 8.0000000   ; 2.0609751
-54.3377472 ; 23.4717760  ; 8.0000000   ; 2.0621701
-54.4322025 ; 23.6480186  ; 8.0000000   ; 2.0633947
-54.5268769 ; 23.8241455  ; 8.0000000   ; 2.0646489
-54.6217744 ; 24.0001515  ; 8.0000000   ; 2.0659327
-54.7169001 ; 24.1760336  ; 8.0000000   ; 2.0672460
-54.8122600 ; 24.3517904  ; 8.0000000   ; 2.0685890
-54.9078577 ; 24.5274162  ; 8.0000000   ; 2.0699614
-55.0036995 ; 24.7029104  ; 8.0000000   ; 2.0713634
-55.0997896 ; 24.8782681  ; 8.0000000   ; 2.0727950
-55.1961330 ; 25.0534863  ; 8.0000000   ; 2.0742560
-55.2927354 ; 25.2285630  ; 8.0000000   ; 2.0757465
-55.3896007 ; 25.4034931  ; 8.0000000   ; 2.0772665
-55.4867348 ; 25.5782751  ; 8.0000000   ; 2.0788160
-55.5841419 ; 25.7529047  ; 8.0000000   ; 2.0803949
-55.6818271 ; 25.9273786  ; 8.0000000   ; 2.0820032
-55.7797957 ; 26.1016942  ; 8.0000000   ; 2.0836410
-55.8780518 ; 26.2758471  ; 8.0000000   ; 2.0853082
-55.9766010 ; 26.4498350  ; 8.0000000   ; 2.0870048
-56.0754477 ; 26.6236538  ; 8.0000000   ; 2.0887308
-56.1745967 ; 26.7973002  ; 8.0000000   ; 2.0904862
-56.2740531 ; 26.9707710  ; 8.0000000   ; 2.0922709
-56.3738213 ; 27.1440624  ; 8.0000000   ; 2.0940851
-56.4739064 ; 27.3171712  ; 8.0000000   ; 2.0959285
-56.5743129 ; 27.4900936  ; 8.0000000   ; 2.0978013
-56.6750456 ; 27.6628262  ; 8.0000000   ; 2.0997035
-56.7761093 ; 27.8353654  ; 8.0000000   ; 2.1016349
-56.8775085 ; 28.0077077  ; 8.0000000   ; 2.1035957
-56.9792480 ; 28.1798492  ; 8.0000000   ; 2.1055858
-57.0813324 ; 28.3517864  ; 8.0000000   ; 2.1076052
-57.1837663 ; 28.5235157  ; 8.0000000   ; 2.1096539
-57.2865542 ; 28.6950332  ; 8.0000000   ; 2.1117319
-57.3897011 ; 28.8663354  ; 8.0000000   ; 2.1138391
-57.4932109 ; 29.0374180  ; 8.0000000   ; 2.1159757
-57.5970887 ; 29.2082778  ; 8.0000000   ; 2.1181415
-57.7013388 ; 29.3789108  ; 8.0000000   ; 2.1203366
-57.8059655 ; 29.5493126  ; 8.0000000   ; 2.1225609
-57.9109739 ; 29.7194803  ; 8.0000000   ; 2.1248146
-58.0163675 ; 29.8894088  ; 8.0000000   ; 2.1270974
-58.1221515 ; 30.0590950  ; 8.0000000   ; 2.1294096
-58.2283301 ; 30.2285347  ; 8.0000000   ; 2.1317510
-58.3349073 ; 30.3977233  ; 8.0000000   ; 2.1341217
-58.4418883 ; 30.5666580  ; 8.0000000   ; 2.1365217
-58.5492763 ; 30.7353330  ; 8.0000000   ; 2.1389510
-58.6570766 ; 30.9037455  ; 8.0000000   ; 2.1414095
-58.7652931 ; 31.0718911  ; 8.0000000   ; 2.1438973
-58.8739296 ; 31.2397647  ; 8.0000000   ; 2.1464144
-58.9829915 ; 31.4073637  ; 8.0000000   ; 2.1489609
-59.0924815 ; 31.5746817  ; 8.0000000   ; 2.1515366
-59.2024050 ; 31.7417162  ; 8.0000000   ; 2.1541417
-59.3127658 ; 31.9084623  ; 8.0000000   ; 2.1567761
-59.4235674 ; 32.0749147  ; 8.0000000   ; 2.1594399
-59.5348153 ; 32.2410709  ; 8.0000000   ; 2.1621331
-59.6465118 ; 32.4069239  ; 8.0000000   ; 2.1648557
-59.7586624 ; 32.5724713  ; 8.0000000   ; 2.1676077
-59.8712707 ; 32.7377080  ; 8.0000000   ; 2.1703891
-59.9843400 ; 32.9026283  ; 8.0000000   ; 2.1732000
-60.0978758 ; 33.0672298  ; 8.0000000   ; 2.1760404
-60.2118800 ; 33.2315049  ; 8.0000000   ; 2.1789103
-60.3263583 ; 33.3954514  ; 8.0000000   ; 2.1818098
-60.4413139 ; 33.5590637  ; 8.0000000   ; 2.1847389
-60.5567501 ; 33.7223360  ; 8.0000000   ; 2.1876978
-60.6726724 ; 33.8852657  ; 8.0000000   ; 2.1906866
-60.7890824 ; 34.0478448  ; 8.0000000   ; 2.1937054
-60.9059857 ; 34.2100710  ; 8.0000000   ; 2.1967545
-61.0233857 ; 34.3719382  ; 8.0000000   ; 2.1998339
-61.1412855 ; 34.5334406  ; 8.0000000   ; 2.2029438
-61.2596904 ; 34.6945752  ; 8.0000000   ; 2.2060843
-61.3786021 ; 34.8553336  ; 8.0000000   ; 2.2092557
-61.4980262 ; 35.0157132  ; 8.0000000   ; 2.2124580
-61.6179658 ; 35.1757077  ; 8.0000000   ; 2.2156913
-61.7384240 ; 35.3353110  ; 8.0000000   ; 2.2189559
-61.8594061 ; 35.4945196  ; 8.0000000   ; 2.2222518
-61.9809135 ; 35.6533252  ; 8.0000000   ; 2.2255792
-62.1029520 ; 35.8117245  ; 8.0000000   ; 2.2289382
-62.2255243 ; 35.9697111  ; 8.0000000   ; 2.2323289
-62.3486336 ; 36.1272787  ; 8.0000000   ; 2.2357516
-62.4722849 ; 36.2844230  ; 8.0000000   ; 2.2392064
-62.5964799 ; 36.4411359  ; 8.0000000   ; 2.2426932
-62.7212236 ; 36.5974136  ; 8.0000000   ; 2.2462121
-62.8465190 ; 36.7532494  ; 8.0000000   ; 2.2497636
-62.9723695 ; 36.9086365  ; 8.0000000   ; 2.2533513
-63.0987802 ; 37.0635695  ; 8.0000000   ; 2.2569760
-63.2257535 ; 37.2180400  ; 8.0000000   ; 2.2606358
-63.3532943 ; 37.3720433  ; 8.0000000   ; 2.2643278
-63.4814048 ; 37.5255723  ; 8.0000000   ; 2.2680445
-63.6100819 ; 37.6786258  ; 8.0000000   ; 2.2717178
-63.7393179 ; 37.8312116  ; 8.0000000   ; 2.2753315
-63.8690970 ; 37.9833307  ; 8.0000000   ; 2.2788795
-63.9994111 ; 38.1349951  ; 8.0000000   ; 2.2823533
-64.1302458 ; 38.2862109  ; 8.0000000   ; 2.2857531
-64.2615873 ; 38.4369847  ; 8.0000000   ; 2.2890797
-64.3934257 ; 38.5873273  ; 8.0000000   ; 2.2923334
-64.5257452 ; 38.7372428  ; 8.0000000   ; 2.2955142
-64.6585366 ; 38.8867428  ; 8.0000000   ; 2.2986221
-64.7917865 ; 39.0358341  ; 8.0000000   ; 2.3016571
-64.9254822 ; 39.1845246  ; 8.0000000   ; 2.3046194
-65.0596137 ; 39.3328245  ; 8.0000000   ; 2.3075091
-65.1941663 ; 39.4807396  ; 8.0000000   ; 2.3103261
-65.3291305 ; 39.6282808  ; 8.0000000   ; 2.3130706
-65.4644937 ; 39.7754559  ; 8.0000000   ; 2.3157426
-65.6002440 ; 39.9222732  ; 8.0000000   ; 2.3183423
-65.7363712 ; 40.0687431  ; 8.0000000   ; 2.3208696
-65.8728616 ; 40.2148720  ; 8.0000000   ; 2.3233247
-66.0097058 ; 40.3606712  ; 8.0000000   ; 2.3257076
-66.1468918 ; 40.5061488  ; 8.0000000   ; 2.3280183
-66.2844078 ; 40.6513135  ; 8.0000000   ; 2.3302569
-66.4222444 ; 40.7961760  ; 8.0000000   ; 2.3324235
-66.5603878 ; 40.9407431  ; 8.0000000   ; 2.3345181
-66.6988295 ; 41.0850264  ; 8.0000000   ; 2.3365408
-66.8375574 ; 41.2290343  ; 8.0000000   ; 2.3384916
-66.9765604 ; 41.3727758  ; 8.0000000   ; 2.3403706
-67.1158292 ; 41.5162620  ; 8.0000000   ; 2.3421778
-67.2553504 ; 41.6594997  ; 8.0000000   ; 2.3439132
-67.3951159 ; 41.8025011  ; 8.0000000   ; 2.3455771
-67.5351138 ; 41.9452746  ; 8.0000000   ; 2.3471692
-67.6753333 ; 42.0878296  ; 8.0000000   ; 2.3486897
-67.8157656 ; 42.2301776  ; 8.0000000   ; 2.3501387
-67.9563971 ; 42.3723251  ; 8.0000000   ; 2.3515161
-68.0972204 ; 42.5142850  ; 8.0000000   ; 2.3528220
-68.2382237 ; 42.6560658  ; 8.0000000   ; 2.3540566
-68.3793963 ; 42.7976768  ; 8.0000000   ; 2.3552198
-68.5207301 ; 42.9391301  ; 8.0000000   ; 2.3563118
-68.6622110 ; 43.0804319  ; 8.0000000   ; 2.3573325
-68.8038325 ; 43.2215956  ; 8.0000000   ; 2.3582822
-68.9455828 ; 43.3626296  ; 8.0000000   ; 2.3591608
-69.0874513 ; 43.5035434  ; 8.0000000   ; 2.3599684
-69.2294302 ; 43.6443493  ; 8.0000000   ; 2.3607050
-69.3715056 ; 43.7850533  ; 8.0000000   ; 2.3613709
-69.5136711 ; 43.9256692  ; 8.0000000   ; 2.3619660
-69.6559150 ; 44.0662052  ; 8.0000000   ; 2.3624905
-69.7982271 ; 44.2066711  ; 8.0000000   ; 2.3629445
-69.9405998 ; 44.3470790  ; 8.0000000   ; 2.3633281
-70.0830189 ; 44.4874349  ; 8.0000000   ; 2.3636413
-70.2254786 ; 44.6277528  ; 8.0000000   ; 2.3638845
-70.3679673 ; 44.7680407  ; 8.0000000   ; 2.3640575
-70.5104747 ; 44.9083084  ; 8.0000000   ; 2.3641608
-70.6529935 ; 45.0485680  ; 8.0000000   ; 2.3641943
-70.7955096 ; 45.1888255  ; 8.0000000   ; 2.3641583
-70.9380174 ; 45.3290945  ; 8.0000000   ; 2.3640530
-71.0805054 ; 45.4693832  ; 8.0000000   ; 2.3638785
-71.2229634 ; 45.6097011  ; 8.0000000   ; 2.3636354
-71.3653842 ; 45.7500601  ; 8.0000000   ; 2.3633239
-71.5077541 ; 45.8904662  ; 7.9256879   ; 2.3629441
-71.6500674 ; 46.0309325  ; 7.7876186   ; 2.3624964
-71.7923129 ; 46.1714671  ; 7.6470439   ; 2.3619812
-71.9344809 ; 46.3120792  ; 7.5037369   ; 2.3614013
-72.0765640 ; 46.4527794  ; 7.3574473   ; 2.3607573
-72.2185500 ; 46.5935739  ; 7.2079152   ; 2.3600478
-72.3604326 ; 46.7344750  ; 7.0548709   ; 2.3592715
-72.5021983 ; 46.8754913  ; 6.8994621   ; 2.3583597
-72.6437967 ; 47.0166744  ; 6.7439104   ; 2.3568526
-72.7851387 ; 47.1581236  ; 6.5877423   ; 2.3546648
-72.9260704 ; 47.2999603  ; 6.4425613   ; 2.3508928
-73.0662905 ; 47.4425175  ; 6.3081581   ; 2.3445360
-73.2054188 ; 47.5861429  ; 6.1823826   ; 2.3356601
-73.3431092 ; 47.7311426  ; 6.0630260   ; 2.3246911
-73.4790551 ; 47.8777837  ; 5.9497643   ; 2.3117028
-73.6129609 ; 48.0263419  ; 5.8422173   ; 2.2966977
-73.7444378 ; 48.1769867  ; 5.7402328   ; 2.2796773
-73.8732052 ; 48.3300140  ; 5.6437710   ; 2.2606095
-73.9988785 ; 48.4856108  ; 5.5529339   ; 2.2394507
-74.1209535 ; 48.6438158  ; 5.4678065   ; 2.2161809
-74.2393340 ; 48.8052108  ; 5.3879159   ; 2.1907573
-74.3532541 ; 48.9694650  ; 5.3135444   ; 2.1632598
-74.4624855 ; 49.1369870  ; 5.2448496   ; 2.1335926
-74.5665469 ; 49.3078422  ; 5.1821967   ; 2.1017439
-74.6647424 ; 49.4817060  ; 5.1261815   ; 2.0677159
-74.7570216 ; 49.6594298  ; 5.0770498   ; 2.0313235
-74.8423908 ; 49.8401014  ; 5.0356999   ; 1.9927085
-74.9205535 ; 50.0241499  ; 5.0032278   ; 1.9516880
-74.9908872 ; 50.2113790  ; 4.9792295   ; 1.9081734
-75.0526811 ; 50.4012856  ; 4.9553462   ; 1.8621578
-75.1055071 ; 50.5942659  ; 4.9315776   ; 1.8133534
-75.1485341 ; 50.7894172  ; 4.9079229   ; 1.7617803
-75.1811524 ; 50.9865213  ; 4.8843817   ; 1.7073022
-75.2026856 ; 51.1852274  ; 4.8609534   ; 1.6496597
-75.2124269 ; 51.3848613  ; 4.8376375   ; 1.5889153
-75.2096576 ; 51.5842192  ; 4.8144334   ; 1.5241135
-75.1934172 ; 51.7839081  ; 4.7913406   ; 1.4544635
-75.1630513 ; 51.9809958  ; 4.7683586   ; 1.3803425
-75.1173737 ; 52.1756448  ; 4.7454869   ; 1.2990208
-75.0551592 ; 52.3661480  ; 4.7227248   ; 1.2102984
-74.9766536 ; 52.5495428  ; 4.7000719   ; 1.1230336
-74.8823336 ; 52.7263196  ; 4.6775277   ; 1.0387397
-74.7739223 ; 52.8943421  ; 4.6550916   ; 0.9576209
-74.6526762 ; 53.0533038  ; 4.6327631   ; 0.8815903
-74.5199514 ; 53.2030236  ; 4.6105417   ; 0.8101139
-74.3772762 ; 53.3430868  ; 4.5884269   ; 0.7428993
-74.2257808 ; 53.4735580  ; 4.5664182   ; 0.6796826
-74.0665043 ; 53.5945377  ; 4.5445150   ; 0.6200928
-73.9005408 ; 53.7060904  ; 4.5225058   ; 0.5640714
-73.7288972 ; 53.8083965  ; 4.5088846   ; 0.5114738
-73.5519891 ; 53.9019575  ; 4.5118772   ; 0.4620054
-73.3710405 ; 53.9868390  ; 4.5287851   ; 0.4157438
-73.1863854 ; 54.0635792  ; 4.5574403   ; 0.3724915
-72.9986412 ; 54.1325557  ; 4.5959030   ; 0.3321722
-72.8086358 ; 54.1941024  ; 4.6430314   ; 0.2948194
-72.6161233 ; 54.2488974  ; 4.6978738   ; 0.2602537
-72.4221693 ; 54.2972233  ; 4.7598170   ; 0.2286027
-72.2268054 ; 54.3396755  ; 4.8285450   ; 0.1998345
-72.0302695 ; 54.3768052  ; 4.9043195   ; 0.1741258
-71.8331116 ; 54.4091459  ; 4.9877230   ; 0.1515683
-71.6350416 ; 54.4373812  ; 5.0787427   ; 0.1321726
-71.4366558 ; 54.4620772  ; 5.1780897   ; 0.1160710
-71.2379284 ; 54.4838999  ; 5.2860326   ; 0.1031370
-71.0388993 ; 54.5033911  ; 5.3999483   ; 0.0924485
-70.8397827 ; 54.5209530  ; 5.5167434   ; 0.0838411
-70.6404417 ; 54.5369594  ; 5.6370112   ; 0.0764344
-70.4410240 ; 54.5515014  ; 5.7510997   ; 0.0691777
-70.2415092 ; 54.5646114  ; 5.8591603   ; 0.0620927
-70.0418932 ; 54.5763399  ; 5.9623637   ; 0.0553455
-69.8422108 ; 54.5867582  ; 6.0619223   ; 0.0489706
-69.6424596 ; 54.5959397  ; 6.1582616   ; 0.0429485
-69.4426619 ; 54.6039509  ; 6.2515155   ; 0.0372565
-69.2428221 ; 54.6108576  ; 6.3420102   ; 0.0318932
-69.0429474 ; 54.6167249  ; 6.4300280   ; 0.0268530
-68.8430528 ; 54.6216167  ; 6.5158186   ; 0.0221348
-68.6431297 ; 54.6255963  ; 6.5996315   ; 0.0177175
-68.4431962 ; 54.6287204  ; 6.6814089   ; 0.0135767
-68.2432516 ; 54.6310436  ; 6.7613485   ; 0.0096967
-68.0432977 ; 54.6326075  ; 6.8391929   ; 0.0059666
-67.8433432 ; 54.6334383  ; 6.9145803   ; 0.0023645
-67.6433834 ; 54.6335595  ; 6.9876907   ; 6.2820427
-67.4434256 ; 54.6329851  ; 7.0582116   ; 6.2785914
-67.2434712 ; 54.6317260  ; 7.1262806   ; 6.2751927
-67.0435216 ; 54.6297905  ; 7.1919444   ; 6.2718231
-66.8435792 ; 54.6271838  ; 7.2552192   ; 6.2684778
-66.6436469 ; 54.6239107  ; 7.3162348   ; 6.2651589
-66.4437265 ; 54.6199770  ; 7.3751416   ; 6.2618688
-66.2438198 ; 54.6153884  ; 7.4320516   ; 6.2586073
-66.0439291 ; 54.6101508  ; 7.4870719   ; 6.2553755
-65.8440570 ; 54.6042702  ; 7.5403033   ; 6.2521734
-65.6442039 ; 54.5977526  ; 7.5918353   ; 6.2490010
-65.4443728 ; 54.5906039  ; 7.6417506   ; 6.2458581
-65.2445649 ; 54.5828303  ; 7.6901277   ; 6.2427449
-65.0447819 ; 54.5744375  ; 7.7370421   ; 6.2396617
-64.8450259 ; 54.5654319  ; 7.7825651   ; 6.2366085
-64.6452977 ; 54.5558194  ; 7.8267613   ; 6.2335855
-64.4455997 ; 54.5456062  ; 7.8696939   ; 6.2305928
-64.2459330 ; 54.5347985  ; 7.9114204   ; 6.2276304
-64.0462988 ; 54.5234023  ; 7.9519963   ; 6.2246986
-63.8466990 ; 54.5114240  ; 7.9914741   ; 6.2217973
-63.6471342 ; 54.4988696  ; 8.0000000   ; 6.2189268
-63.4476063 ; 54.4857456  ; 8.0000000   ; 6.2160870
-63.2481162 ; 54.4720580  ; 8.0000000   ; 6.2132781
-63.0486650 ; 54.4578133  ; 8.0000000   ; 6.2105002
-62.8492544 ; 54.4430176  ; 8.0000000   ; 6.2077533
-62.6498842 ; 54.4276774  ; 8.0000000   ; 6.2050377
-62.4505567 ; 54.4117989  ; 8.0000000   ; 6.2023533
-62.2512721 ; 54.3953885  ; 8.0000000   ; 6.1997002
-62.0520313 ; 54.3784525  ; 8.0000000   ; 6.1970786
-61.8528359 ; 54.3609975  ; 8.0000000   ; 6.1944885
-61.6536853 ; 54.3430297  ; 8.0000000   ; 6.1919301
-61.4545815 ; 54.3245557  ; 8.0000000   ; 6.1894034
-61.2555247 ; 54.3055817  ; 8.0000000   ; 6.1869085
-61.0565152 ; 54.2861144  ; 8.0000000   ; 6.1844456
-60.8575547 ; 54.2661603  ; 8.0000000   ; 6.1820147
-60.6586420 ; 54.2457256  ; 8.0000000   ; 6.1796159
-60.4597792 ; 54.2248171  ; 8.0000000   ; 6.1772494
-60.2609659 ; 54.2034413  ; 8.0000000   ; 6.1749151
-60.0622025 ; 54.1816046  ; 8.0000000   ; 6.1726134
-59.8634902 ; 54.1593138  ; 8.0000000   ; 6.1703442
-59.6648276 ; 54.1365753  ; 8.0000000   ; 6.1681076
-59.4662167 ; 54.1133958  ; 8.0000000   ; 6.1659039
-59.2676568 ; 54.0897820  ; 8.0000000   ; 6.1637330
-59.0691480 ; 54.0657404  ; 8.0000000   ; 6.1615951
-58.8706915 ; 54.0412779  ; 8.0000000   ; 6.1594904
-58.6722852 ; 54.0164008  ; 8.0000000   ; 6.1574190
-58.4739313 ; 53.9911163  ; 8.0000000   ; 6.1553810
-58.2756288 ; 53.9654309  ; 8.0000000   ; 6.1533765
-58.0773775 ; 53.9393513  ; 8.0000000   ; 6.1514056
-57.8791782 ; 53.9128845  ; 8.0000000   ; 6.1494685
-57.6810290 ; 53.8860370  ; 8.0000000   ; 6.1475650
-57.4829316 ; 53.8588157  ; 8.0000000   ; 6.1456951
-57.2848847 ; 53.8312275  ; 8.0000000   ; 6.1438590
-57.0868882 ; 53.8032789  ; 8.0000000   ; 6.1420564
-56.8889428 ; 53.7749769  ; 8.0000000   ; 6.1402874
-56.6910461 ; 53.7463280  ; 8.0000000   ; 6.1385519
-56.4931996 ; 53.7173391  ; 8.0000000   ; 6.1368500
-56.2954021 ; 53.6880167  ; 8.0000000   ; 6.1351817
-56.0976530 ; 53.6583678  ; 8.0000000   ; 6.1335469
-55.8999530 ; 53.6283990  ; 8.0000000   ; 6.1319457
-55.7022995 ; 53.5981168  ; 8.0000000   ; 6.1303779
-55.5046941 ; 53.5675282  ; 8.0000000   ; 6.1288437
-55.3071351 ; 53.5366398  ; 8.0000000   ; 6.1273429
-55.1096220 ; 53.5054582  ; 8.0000000   ; 6.1258755
-54.9121550 ; 53.4739902  ; 8.0000000   ; 6.1244415
-54.7147317 ; 53.4422421  ; 8.0000000   ; 6.1230408
-54.5173533 ; 53.4102210  ; 8.0000000   ; 6.1216736
-54.3200182 ; 53.3779333  ; 8.0000000   ; 6.1203396
-54.1227255 ; 53.3453857  ; 8.0000000   ; 6.1190390
-53.9254756 ; 53.3125849  ; 8.0000000   ; 6.1177716
-53.7282657 ; 53.2795372  ; 8.0000000   ; 6.1165375
-53.5310970 ; 53.2462495  ; 8.0000000   ; 6.1153366
-53.3339676 ; 53.2127284  ; 8.0000000   ; 6.1141689
-53.1368767 ; 53.1789803  ; 8.0000000   ; 6.1130343
-52.9398244 ; 53.1450120  ; 8.0000000   ; 6.1119329
-52.7428081 ; 53.1108298  ; 8.0000000   ; 6.1108646
-52.5458285 ; 53.0764405  ; 8.0000000   ; 6.1098294
-52.3488838 ; 53.0418506  ; 8.0000000   ; 6.1088273
-52.1519732 ; 53.0070665  ; 8.0000000   ; 6.1078581
-51.9550964 ; 52.9720949  ; 8.0000000   ; 6.1069220
-51.7582509 ; 52.9369422  ; 8.0000000   ; 6.1060188
-51.5614374 ; 52.9016150  ; 8.0000000   ; 6.1051485
-51.3646538 ; 52.8661198  ; 8.0000000   ; 6.1043112
-51.1678994 ; 52.8304630  ; 8.0000000   ; 6.1035066
-50.9711737 ; 52.7946512  ; 8.0000000   ; 6.1027349
-50.7744742 ; 52.7586907  ; 8.0000000   ; 6.1019960
-50.5778013 ; 52.7225882  ; 8.0000000   ; 6.1012898
-50.3811533 ; 52.6863500  ; 8.0000000   ; 6.1006163
-50.1845289 ; 52.6499826  ; 8.0000000   ; 6.0999755
-49.9879279 ; 52.6134925  ; 8.0000000   ; 6.0993674
-49.7913476 ; 52.5768859  ; 8.0000000   ; 6.0987918
-49.5947885 ; 52.5401694  ; 8.0000000   ; 6.0982487
-49.3982485 ; 52.5033494  ; 8.0000000   ; 6.0977382
-49.2017267 ; 52.4664322  ; 8.0000000   ; 6.0972602
-49.0052224 ; 52.4294244  ; 8.0000000   ; 6.0968146
-48.8087332 ; 52.3923320  ; 8.0000000   ; 6.0964013
-48.6122594 ; 52.3551617  ; 8.0000000   ; 6.0960205
-48.4157989 ; 52.3179197  ; 8.0000000   ; 6.0956719
-48.2193507 ; 52.2806124  ; 8.0000000   ; 6.0953556
-48.0229143 ; 52.2432463  ; 8.0000000   ; 6.0950714
-47.8264871 ; 52.2058273  ; 8.0000000   ; 6.0948195
-47.6300693 ; 52.1683621  ; 8.0000000   ; 6.0945997
-47.4336589 ; 52.1308568  ; 8.0000000   ; 6.0944120
-47.2372548 ; 52.0933178  ; 8.0000000   ; 6.0942563
-47.0408566 ; 52.0557515  ; 8.0000000   ; 6.0941326
-46.8444615 ; 52.0181639  ; 8.0000000   ; 6.0940409
-46.6480699 ; 51.9805614  ; 8.0000000   ; 6.0939810
-46.4516798 ; 51.9429504  ; 8.0000000   ; 6.0939531
-46.2552900 ; 51.9053369  ; 8.0000000   ; 6.0939569
-46.0589001 ; 51.8677274  ; 8.0000000   ; 6.0939925
-45.8625072 ; 51.8301279  ; 8.0000000   ; 6.0940598
-45.6661120 ; 51.7925448  ; 8.0000000   ; 6.0941588
-45.4697121 ; 51.7549842  ; 8.0000000   ; 6.0942894
-45.2733067 ; 51.7174523  ; 8.0000000   ; 6.0944516
-45.0768953 ; 51.6799556  ; 8.0000000   ; 6.0946453
-44.8804749 ; 51.6424997  ; 8.0000000   ; 6.0948706
-44.6840463 ; 51.6050914  ; 8.0000000   ; 6.0951272
-44.4876073 ; 51.5677365  ; 8.0000000   ; 6.0954153
-44.2911567 ; 51.5304412  ; 8.0000000   ; 6.0957347
-44.0946945 ; 51.4932119  ; 8.0000000   ; 6.0960854
-43.8982174 ; 51.4560544  ; 8.0000000   ; 6.0964674
-43.7017265 ; 51.4189751  ; 8.0000000   ; 6.0968806
-43.5052193 ; 51.3819801  ; 8.0000000   ; 6.0973250
-43.3086950 ; 51.3450754  ; 8.0000000   ; 6.0978005
-43.1121535 ; 51.3082674  ; 8.0000000   ; 6.0983071
-42.9155914 ; 51.2715617  ; 8.0000000   ; 6.0988448
-42.7190100 ; 51.2349650  ; 8.0000000   ; 6.0994134
-42.5224070 ; 51.1984830  ; 8.0000000   ; 6.1000130
-42.3257813 ; 51.1621220  ; 8.0000000   ; 6.1006435
-42.1291333 ; 51.1258881  ; 8.0000000   ; 6.1013049
-41.9324591 ; 51.0897870  ; 8.0000000   ; 6.1019971
-41.7357606 ; 51.0538254  ; 8.0000000   ; 6.1027202
-41.5390352 ; 51.0180089  ; 8.0000000   ; 6.1034739
-41.3422821 ; 50.9823437  ; 8.0000000   ; 6.1042584
-41.1455018 ; 50.9468361  ; 8.0000000   ; 6.1050736
-40.9486901 ; 50.9114916  ; 8.0000000   ; 6.1059194
-40.7518495 ; 50.8763169  ; 8.0000000   ; 6.1067958
-40.5549770 ; 50.8413175  ; 8.0000000   ; 6.1077028
-40.3580722 ; 50.8064998  ; 8.0000000   ; 6.1086403
-40.1611356 ; 50.7718699  ; 8.0000000   ; 6.1096084
-39.9641629 ; 50.7374332  ; 8.0000000   ; 6.1106069
-39.7671570 ; 50.7031966  ; 8.0000000   ; 6.1116359
-39.5701149 ; 50.6691656  ; 8.0000000   ; 6.1126953
-39.3730361 ; 50.6353463  ; 8.0000000   ; 6.1137850
-39.1759215 ; 50.6017450  ; 8.0000000   ; 6.1149052
-38.9787665 ; 50.5683671  ; 8.0000000   ; 6.1160557
-38.7815745 ; 50.5352194  ; 8.0000000   ; 6.1172364
-38.5843424 ; 50.5023074  ; 8.0000000   ; 6.1184475
-38.3870698 ; 50.4696373  ; 8.0000000   ; 6.1196889
-38.1897579 ; 50.4372153  ; 8.0000000   ; 6.1209605
-37.9924020 ; 50.4050468  ; 8.0000000   ; 6.1222623
-37.7950057 ; 50.3731385  ; 8.0000000   ; 6.1235944
-37.5975658 ; 50.3414961  ; 8.0000000   ; 6.1249567
-37.4000824 ; 50.3101257  ; 8.0000000   ; 6.1263492
-37.2025566 ; 50.2790334  ; 8.0000000   ; 6.1277718
-37.0049838 ; 50.2482249  ; 8.0000000   ; 6.1292246
-36.8073679 ; 50.2177066  ; 8.0000000   ; 6.1307077
-36.6097057 ; 50.1874844  ; 8.0000000   ; 6.1322210
-36.4119974 ; 50.1575643  ; 8.0000000   ; 6.1337648
-36.2142441 ; 50.1279527  ; 8.0000000   ; 6.1353391
-36.0164418 ; 50.0986551  ; 8.0000000   ; 6.1369442
-35.8185939 ; 50.0696784  ; 8.0000000   ; 6.1385801
-35.6206977 ; 50.0410283  ; 8.0000000   ; 6.1402471
-35.4227535 ; 50.0127113  ; 8.0000000   ; 6.1419452
-35.2247623 ; 49.9847336  ; 8.0000000   ; 6.1436746
-35.0267205 ; 49.9571013  ; 8.0000000   ; 6.1454354
-34.8286316 ; 49.9298210  ; 8.0000000   ; 6.1472279
-34.6304930 ; 49.9028990  ; 8.0000000   ; 6.1490520
-34.4323052 ; 49.8763415  ; 8.0000000   ; 6.1509080
-34.2340689 ; 49.8501552  ; 8.0000000   ; 6.1527959
-34.0357815 ; 49.8243462  ; 8.0000000   ; 6.1547159
-33.8374458 ; 49.7989213  ; 8.0000000   ; 6.1566681
-33.6390598 ; 49.7738867  ; 8.0000000   ; 6.1586527
-33.4406242 ; 49.7492492  ; 8.0000000   ; 6.1606697
-33.2421398 ; 49.7250152  ; 8.0000000   ; 6.1627193
-33.0436044 ; 49.7011913  ; 8.0000000   ; 6.1648016
-32.8450203 ; 49.6777841  ; 8.0000000   ; 6.1669167
-32.6463864 ; 49.6548003  ; 8.0000000   ; 6.1690647
-32.4477032 ; 49.6322464  ; 8.0000000   ; 6.1712457
-32.2489715 ; 49.6101293  ; 8.0000000   ; 6.1734598
-32.0501900 ; 49.5884554  ; 8.0000000   ; 6.1757071
-31.8513607 ; 49.5672317  ; 8.0000000   ; 6.1779876
-31.6524829 ; 49.5464648  ; 8.0000000   ; 6.1803015
-31.4535572 ; 49.5261614  ; 8.0000000   ; 6.1826490
-31.2545843 ; 49.5063284  ; 8.0000000   ; 6.1850300
-31.0555640 ; 49.4869726  ; 8.0000000   ; 6.1874445
-30.8564975 ; 49.4681007  ; 8.0000000   ; 6.1898925
-30.6573851 ; 49.4497194  ; 8.0000000   ; 6.1923722
-30.4582275 ; 49.4318345  ; 8.0000000   ; 6.1948776
-30.2590256 ; 49.4144511  ; 8.0000000   ; 6.1974079
-30.0597810 ; 49.3975737  ; 8.0000000   ; 6.1999534
-29.8604927 ; 49.3812043  ; 8.0000000   ; 6.2025079
-29.6611648 ; 49.3653446  ; 8.0000000   ; 6.2050616
-29.4617967 ; 49.3499904  ; 8.0000000   ; 6.2075759
-29.2623882 ; 49.3351329  ; 8.0000000   ; 6.2100468
-29.0629490 ; 49.3207627  ; 8.0000000   ; 6.2124530
-28.8634718 ; 49.3068642  ; 8.0000000   ; 6.2147805
-28.6639654 ; 49.2934224  ; 8.0000000   ; 6.2170292
-28.4644298 ; 49.2804213  ; 8.0000000   ; 6.2191979
-28.2648644 ; 49.2678447  ; 8.0000000   ; 6.2212867
-28.0652776 ; 49.2556774  ; 8.0000000   ; 6.2232965
-27.8656643 ; 49.2439033  ; 8.0000000   ; 6.2252282
-27.6660307 ; 49.2325071  ; 8.0000000   ; 6.2270817
-27.4663766 ; 49.2214731  ; 8.0000000   ; 6.2288570
-27.2667017 ; 49.2107856  ; 8.0000000   ; 6.2305539
-27.0670127 ; 49.2004294  ; 8.0000000   ; 6.2321727
-26.8673047 ; 49.1903885  ; 8.0000000   ; 6.2337136
-26.6675834 ; 49.1806476  ; 8.0000000   ; 6.2351764
-26.4678482 ; 49.1711910  ; 8.0000000   ; 6.2365612
-26.2680989 ; 49.1620033  ; 8.0000000   ; 6.2378682
-26.0683410 ; 49.1530689  ; 8.0000000   ; 6.2390973
-25.8685701 ; 49.1443723  ; 8.0000000   ; 6.2402487
-25.6687911 ; 49.1358979  ; 8.0000000   ; 6.2413223
-25.4690032 ; 49.1276302  ; 8.0000000   ; 6.2423183
-25.2692058 ; 49.1195538  ; 8.0000000   ; 6.2432368
-25.0694042 ; 49.1116532  ; 8.0000000   ; 6.2440779
-24.8695940 ; 49.1039129  ; 8.0000000   ; 6.2448415
-24.6697796 ; 49.0963174  ; 8.0000000   ; 6.2455278
-24.4699601 ; 49.0888514  ; 8.0000000   ; 6.2461369
-24.2701349 ; 49.0814993  ; 8.0000000   ; 6.2466689
-24.0703087 ; 49.0742459  ; 8.0000000   ; 6.2471237
-23.8704773 ; 49.0670757  ; 8.0000000   ; 6.2475016
-23.6706447 ; 49.0599733  ; 8.0000000   ; 6.2478025
-23.4708100 ; 49.0529233  ; 8.0000000   ; 6.2480267
-23.2709728 ; 49.0459105  ; 8.0000000   ; 6.2481741
-23.0711370 ; 49.0389195  ; 8.0000000   ; 6.2482449
-22.8712991 ; 49.0319349  ; 8.0000000   ; 6.2482391
-22.6714626 ; 49.0249416  ; 8.0000000   ; 6.2481570
-22.4716268 ; 49.0179243  ; 8.0000000   ; 6.2479986
-22.2717913 ; 49.0108676  ; 8.0000000   ; 6.2477639
-22.0719596 ; 49.0037565  ; 8.0000000   ; 6.2474534
-21.8721287 ; 48.9965758  ; 8.0000000   ; 6.2470671
-21.6723019 ; 48.9893103  ; 8.0000000   ; 6.2466050
-21.4724785 ; 48.9819449  ; 8.0000000   ; 6.2460671
-21.2726586 ; 48.9744644  ; 8.0000000   ; 6.2454534
-21.0728452 ; 48.9668539  ; 8.0000000   ; 6.2447655
-20.8730359 ; 48.9590985  ; 8.0000000   ; 6.2440043
-20.6732336 ; 48.9511838  ; 8.0000000   ; 6.2431687
-20.4734382 ; 48.9430942  ; 8.0000000   ; 6.2422544
-20.2736497 ; 48.9348140  ; 8.0000000   ; 6.2412599
-20.0738705 ; 48.9263225  ; 7.9240363   ; 6.2401235
-19.8741024 ; 48.9175864  ; 7.7931243   ; 6.2388100
-19.6743491 ; 48.9085648  ; 7.6634002   ; 6.2371969
-19.4746131 ; 48.8991525  ; 7.5361212   ; 6.2348708
-19.2749010 ; 48.8892008  ; 7.4119627   ; 6.2317884
-19.0752364 ; 48.8785212  ; 7.2955664   ; 6.2274539
-18.8756147 ; 48.8668227  ; 7.1867123   ; 6.2215883
-18.6760814 ; 48.8538029  ; 7.0843684   ; 6.2142324
-18.4766573 ; 48.8391792  ; 6.9879681   ; 6.2055156
-18.2773717 ; 48.8226824  ; 6.8973076   ; 6.1954475
-18.0782710 ; 48.8040493  ; 6.8118010   ; 6.1840830
-17.8794273 ; 48.7830308  ; 6.7314256   ; 6.1714499
-17.6808493 ; 48.7593716  ; 6.6561630   ; 6.1575400
-17.4826529 ; 48.7328283  ; 6.5860651   ; 6.1423524
-17.2849354 ; 48.7031561  ; 6.5212241   ; 6.1258786
-17.0876748 ; 48.6700888  ; 6.4618045   ; 6.1080972
-16.8911504 ; 48.6334084  ; 6.4080063   ; 6.0890082
-16.6953155 ; 48.5928376  ; 6.3600979   ; 6.0685806
-16.5004062 ; 48.5481497  ; 6.3184221   ; 6.0468029
-16.3066161 ; 48.4991129  ; 6.2833510   ; 6.0236614
-16.1139202 ; 48.4454334  ; 6.2532125   ; 5.9991068
-15.9227738 ; 48.3869451  ; 6.2232185   ; 5.9731433
-15.7331649 ; 48.3233452  ; 6.1933684   ; 5.9457149
-15.5454531 ; 48.2544413  ; 6.1636615   ; 5.9167985
-15.3599348 ; 48.1800260  ; 6.1340970   ; 5.8863723
-15.1767179 ; 48.0998081  ; 6.1046744   ; 5.8543554
-14.9963318 ; 48.0136702  ; 6.0753929   ; 5.8207390
-14.8189650 ; 47.9213433  ; 6.0462518   ; 5.7854574
-14.6450622 ; 47.8226751  ; 6.0172505   ; 5.7484489
-14.4750506 ; 47.7175084  ; 5.9883884   ; 5.7096775
-14.3093249 ; 47.6056645  ; 5.9596646   ; 5.6690506
-14.1483817 ; 47.4870199  ; 5.9310787   ; 5.6265027
-13.9928154 ; 47.3615370  ; 5.9026298   ; 5.5819966
-13.8430765 ; 47.2290570  ; 5.8743174   ; 5.5353799
-13.6998175 ; 47.0895855  ; 5.8461409   ; 5.4866259
-13.5637940 ; 46.9432671  ; 5.8180994   ; 5.4356731
-13.4353710 ; 46.7898050  ; 5.7901925   ; 5.3823262
-13.3157367 ; 46.6299068  ; 5.7624194   ; 5.3267161
-13.2052588 ; 46.4632512  ; 5.7347796   ; 5.2684064
-13.1048514 ; 46.2901874  ; 5.7072723   ; 5.2074753
-13.0153459 ; 46.1116016  ; 5.6798969   ; 5.1466270
-12.9366628 ; 45.9275542  ; 5.6526529   ; 5.0862074
-12.8692659 ; 45.7393942  ; 5.6255395   ; 5.0268694
-12.8128849 ; 45.5475589  ; 5.5985562   ; 4.9700282
-12.7672434 ; 45.3527954  ; 5.5717024   ; 4.9154954
-12.7320938 ; 45.1560206  ; 5.5449773   ; 4.8631613
-12.7070726 ; 44.9575987  ; 5.5183804   ; 4.8128142
-12.6918848 ; 44.7582207  ; 5.4919111   ; 4.7643236
-12.6862007 ; 44.5583544  ; 5.4655688   ; 4.7176032
-12.6896910 ; 44.3584273  ; 5.4393528   ; 4.6725264
-12.7020319 ; 44.1588365  ; 5.4132625   ; 4.6290011
-12.7228907 ; 43.9600010  ; 5.3872974   ; 4.5869713
-12.7519551 ; 43.7621456  ; 5.3614569   ; 4.5463266
-12.7888977 ; 43.5656312  ; 5.3357402   ; 4.5070290
-12.8333934 ; 43.3707435  ; 5.3098991   ; 4.4690222
-12.8851739 ; 43.1775479  ; 5.2869073   ; 4.4322266
-12.9438783 ; 42.9864526  ; 5.2726778   ; 4.3966493
-13.0092556 ; 42.7974676  ; 5.2660605   ; 4.3622128
-13.0809928 ; 42.6108118  ; 5.2660672   ; 4.3289016
-13.1587707 ; 42.4266851  ; 5.2719180   ; 4.2966971
-13.2424042 ; 42.2449790  ; 5.2828701   ; 4.2655391
-13.3315087 ; 42.0660237  ; 5.2984217   ; 4.2354565
-13.4258896 ; 41.8897349  ; 5.3180561   ; 4.2063985
-13.5252674 ; 41.7162061  ; 5.3413291   ; 4.1783595
-13.6293371 ; 41.5455550  ; 5.3679186   ; 4.1513390
-13.7379731 ; 41.3776081  ; 5.3975016   ; 4.1252932
-13.8508085 ; 41.2125710  ; 5.4298574   ; 4.1002468
-13.9676822 ; 41.0503290  ; 5.4647789   ; 4.0761507
-14.0883702 ; 40.8908885  ; 5.5016728   ; 4.0529016
-14.2126265 ; 40.7342948  ; 5.5401309   ; 4.0304899
-14.3403716 ; 40.5804155  ; 5.5799240   ; 4.0086094
-14.4713915 ; 40.4293905  ; 5.6183366   ; 3.9870441
-14.6056255 ; 40.2811943  ; 5.6554998   ; 3.9657760
-14.7429680 ; 40.1358602  ; 5.6914279   ; 3.9447761
-14.8832904 ; 39.9934469  ; 5.7261425   ; 3.9240390
-15.0265507 ; 39.8539206  ; 5.7597507   ; 3.9035892
-15.1725892 ; 39.7173506  ; 5.7927353   ; 3.8834615
-15.3213336 ; 39.5837175  ; 5.8251399   ; 3.8636451
-15.4726800 ; 39.4530314  ; 5.8570219   ; 3.8441393
-15.6265080 ; 39.3253140  ; 5.8884393   ; 3.8249411
-15.7827700 ; 39.2005269  ; 5.9194194   ; 3.8060375
-15.9413249 ; 39.0787078  ; 5.9499857   ; 3.7874283
-16.1021088 ; 38.9598323  ; 5.9801648   ; 3.7691043
-16.2650306 ; 38.8438975  ; 6.0099812   ; 3.7510614
-16.4299854 ; 38.7309094  ; 6.0394635   ; 3.7332966
-16.5969318 ; 38.6208301  ; 6.0686300   ; 3.7158000
-16.7657466 ; 38.5136770  ; 6.0975000   ; 3.6985716
-16.9363746 ; 38.4094220  ; 6.1260923   ; 3.6816039
-17.1087366 ; 38.3080535  ; 6.1544190   ; 3.6648924
-17.2827416 ; 38.2095654  ; 6.1824968   ; 3.6484344
-17.4583542 ; 38.1139205  ; 6.2103393   ; 3.6322224
-17.6354672 ; 38.0211214  ; 6.2379648   ; 3.6162566
-17.8140339 ; 37.9311375  ; 6.2653877   ; 3.6005310
-17.9939853 ; 37.8439503  ; 6.2926155   ; 3.5850416
-18.1752432 ; 37.7595454  ; 6.3196599   ; 3.5697862
-18.3577774 ; 37.6778858  ; 6.3465324   ; 3.5547599
-18.5414954 ; 37.5989628  ; 6.3732582   ; 3.5399635
-18.7263574 ; 37.5227438  ; 6.3998485   ; 3.5253922
-18.9123037 ; 37.4492051  ; 6.4263095   ; 3.5110429
-19.0992677 ; 37.3783255  ; 6.4526509   ; 3.4969140
-19.2872235 ; 37.3100682  ; 6.4788815   ; 3.4830006
-19.4760920 ; 37.2444163  ; 6.5050118   ; 3.4693026
-19.6658398 ; 37.1813359  ; 6.5310514   ; 3.4558164
-19.8564159 ; 37.1207997  ; 6.5570092   ; 3.4425401
-20.0477640 ; 37.0627816  ; 6.5828958   ; 3.4294723
-20.2398618 ; 37.0072453  ; 6.6087191   ; 3.4166097
-20.4326429 ; 36.9541672  ; 6.6344898   ; 3.4039520
-20.6260791 ; 36.9035129  ; 6.6602166   ; 3.3914965
-20.8201271 ; 36.8552521  ; 6.6859086   ; 3.3792421
-21.0147406 ; 36.8093549  ; 6.7115762   ; 3.3671876
-21.2098994 ; 36.7657853  ; 6.7372268   ; 3.3553308
-21.4055494 ; 36.7245150  ; 6.7628718   ; 3.3436714
-21.6016666 ; 36.6855087  ; 6.7885187   ; 3.3322075
-21.7982149 ; 36.6487340  ; 6.8141766   ; 3.3209383
-21.9951570 ; 36.6141583  ; 6.8398551   ; 3.3098629
-22.1924741 ; 36.5817456  ; 6.8655611   ; 3.2989798
-22.3901243 ; 36.5514640  ; 6.8913055   ; 3.2882888
-22.5880862 ; 36.5232781  ; 6.9170953   ; 3.2777884
-22.7863310 ; 36.4971534  ; 6.9429387   ; 3.2674781
-22.9848296 ; 36.4730556  ; 6.9688446   ; 3.2573571
-23.1835637 ; 36.4509489  ; 6.9948192   ; 3.2474244
-23.3825033 ; 36.4307987  ; 7.0208711   ; 3.2376794
-23.5816287 ; 36.4125694  ; 7.0470072   ; 3.2281213
-23.7809181 ; 36.3962256  ; 7.0732330   ; 3.2187492
-23.9803500 ; 36.3817319  ; 7.0995554   ; 3.2095625
-24.1799057 ; 36.3690524  ; 7.1259803   ; 3.2005600
-24.3795670 ; 36.3581515  ; 7.1525111   ; 3.1917410
-24.5793148 ; 36.3489936  ; 7.1791549   ; 3.1831047
-24.7791342 ; 36.3415431  ; 7.2059118   ; 3.1746494
-24.9790103 ; 36.3357642  ; 7.2327857   ; 3.1663746
-25.1789237 ; 36.3316215  ; 7.2597817   ; 3.1582787
-25.3788676 ; 36.3290797  ; 7.2868956   ; 3.1503605
-25.5788223 ; 36.3281034  ; 7.3141351   ; 3.1426193
-25.7787795 ; 36.3286574  ; 7.3414979   ; 3.1350531
-25.9787304 ; 36.3307070  ; 7.3689866   ; 3.1276614
-26.1786543 ; 36.3342170  ; 7.3966067   ; 3.1204429
-26.3785547 ; 36.3391530  ; 7.4243539   ; 3.1133961
-26.5784113 ; 36.3454803  ; 7.4522362   ; 3.1065208
-26.7782215 ; 36.3531645  ; 7.4802529   ; 3.0998152
-26.9779813 ; 36.3621717  ; 7.5084077   ; 3.0932787
-27.1776696 ; 36.3724671  ; 7.5367065   ; 3.0869107
-27.3772982 ; 36.3840178  ; 7.5651474   ; 3.0807096
-27.5768462 ; 36.3967891  ; 7.5937384   ; 3.0746751
-27.7763164 ; 36.4107482  ; 7.6224703   ; 3.0688041
-27.9757080 ; 36.4258622  ; 7.6513432   ; 3.0630961
-28.1750008 ; 36.4420972  ; 7.6803592   ; 3.0575484
-28.3742120 ; 36.4594227  ; 7.7094970   ; 3.0521585
-28.5733215 ; 36.4778054  ; 7.7387656   ; 3.0469266
-28.7723355 ; 36.4972140  ; 7.7681693   ; 3.0418515
-28.9712559 ; 36.5176175  ; 7.7977146   ; 3.0369330
-29.1700643 ; 36.5389823  ; 7.8274097   ; 3.0321711
-29.3687807 ; 36.5612793  ; 7.8572611   ; 3.0275650
-29.5673873 ; 36.5844750  ; 7.8872773   ; 3.0231149
-29.7658924 ; 36.6085391  ; 7.9174660   ; 3.0188205
-29.9642995 ; 36.6334407  ; 7.9478354   ; 3.0146816
-30.1625942 ; 36.6591465  ; 7.9783937   ; 3.0106984
-30.3607960 ; 36.6856278  ; 8.0000000   ; 3.0068704
-30.5588910 ; 36.7128514  ; 8.0000000   ; 3.0031979
-30.7568886 ; 36.7407872  ; 8.0000000   ; 2.9996807
-30.9547934 ; 36.7694044  ; 8.0000000   ; 2.9963187
-31.1525949 ; 36.7986703  ; 8.0000000   ; 2.9931122
-31.3503115 ; 36.8285561  ; 8.0000000   ; 2.9900609
-31.5479332 ; 36.8590289  ; 8.0000000   ; 2.9871650
-31.7454697 ; 36.8900587  ; 8.0000000   ; 2.9844245
-31.9429263 ; 36.9216150  ; 8.0000000   ; 2.9818394
-32.1402968 ; 36.9536653  ; 8.0000000   ; 2.9794098
-32.3375974 ; 36.9861806  ; 8.0000000   ; 2.9771357
-32.5348220 ; 37.0191285  ; 8.0000000   ; 2.9750171
-32.7319801 ; 37.0524790  ; 8.0000000   ; 2.9730545
-32.9290774 ; 37.0862014  ; 8.0000000   ; 2.9712490
-33.1261113 ; 37.1202602  ; 8.0000000   ; 2.9696400
-33.3230996 ; 37.1546157  ; 8.0000000   ; 2.9682463
-33.5200383 ; 37.1892214  ; 8.0000000   ; 2.9671167
-33.7169472 ; 37.2240109  ; 8.0000000   ; 2.9663903
-33.9138419 ; 37.2589035  ; 8.0000000   ; 2.9660762
-34.1107244 ; 37.2938144  ; 8.0000000   ; 2.9661937
-34.3076285 ; 37.3286606  ; 8.0000000   ; 2.9667520
-34.5045521 ; 37.3633521  ; 8.0000000   ; 2.9677496
-34.7015205 ; 37.3978048  ; 8.0000000   ; 2.9691824
-34.8985501 ; 37.4319331  ; 8.0000000   ; 2.9710501
-35.0956411 ; 37.4656490  ; 8.0000000   ; 2.9733518
-35.2928256 ; 37.4988701  ; 8.0000000   ; 2.9760871
-35.4901005 ; 37.5315077  ; 8.0000000   ; 2.9792558
-35.6874870 ; 37.5634777  ; 8.0000000   ; 2.9828574
-35.8849983 ; 37.5946945  ; 8.0000000   ; 2.9868921
-36.0826323 ; 37.6250701  ; 8.0000000   ; 2.9913592
-36.2804143 ; 37.6545210  ; 8.0000000   ; 2.9962590
-36.4783388 ; 37.6829588  ; 8.0000000   ; 3.0015910
-36.6764197 ; 37.7102984  ; 8.0000000   ; 3.0073553
-36.8746638 ; 37.7364532  ; 8.0000000   ; 3.0135519
-37.0730656 ; 37.7613356  ; 8.0000000   ; 3.0201802
-37.2716383 ; 37.7848600  ; 8.0000000   ; 3.0272410
-37.4703736 ; 37.8069385  ; 8.0000000   ; 3.0347338
-37.6692739 ; 37.8274844  ; 8.0000000   ; 3.0426588
-37.8683368 ; 37.8464105  ; 8.0000000   ; 3.0510164
-38.0675517 ; 37.8636290  ; 8.0000000   ; 3.0598065
-38.2669154 ; 37.8790526  ; 8.0000000   ; 3.0690298
-38.4664155 ; 37.8925936  ; 8.0000000   ; 3.0786866
-38.6660391 ; 37.9041641  ; 8.0000000   ; 3.0887770
-38.8657712 ; 37.9136764  ; 8.0000000   ; 3.0993022
-39.0655956 ; 37.9210426  ; 8.0000000   ; 3.1102624
-39.2654864 ; 37.9261746  ; 8.0000000   ; 3.1216586
-39.4654275 ; 37.9289847  ; 8.0000000   ; 3.1334923
-39.6653856 ; 37.9293848  ; 8.0000000   ; 3.1457639
-39.8653302 ; 37.9272873  ; 8.0000000   ; 3.1584756
-40.0652387 ; 37.9226040  ; 8.0000000   ; 3.1716288
-40.2650564 ; 37.9152480  ; 8.0000000   ; 3.1852248
-40.4647633 ; 37.9051309  ; 8.0000000   ; 3.1992671
-40.6643009 ; 37.8921664  ; 8.0000000   ; 3.2137564
-40.8636199 ; 37.8762678  ; 8.0000000   ; 3.2286961
-41.0626898 ; 37.8573468  ; 8.0000000   ; 3.2440897
-41.2614217 ; 37.8353206  ; 8.0000000   ; 3.2599385
-41.4597901 ; 37.8100998  ; 8.0000000   ; 3.2762488
-41.6577070 ; 37.7816024  ; 8.0000000   ; 3.2930219
-41.8551009 ; 37.7497450  ; 8.0000000   ; 3.3102630
-42.0519304 ; 37.7144384  ; 8.0000000   ; 3.3279784
-42.2480679 ; 37.6756095  ; 8.0000000   ; 3.3461695
-42.4434793 ; 37.6331667  ; 8.0000000   ; 3.3648466
-42.6380428 ; 37.5870368  ; 8.0000000   ; 3.3840121
-42.8316613 ; 37.5371422  ; 8.0000000   ; 3.4036733
-43.0242770 ; 37.4833940  ; 8.0000000   ; 3.4238403
-43.2157216 ; 37.4257340  ; 8.0000000   ; 3.4445156
-43.4059459 ; 37.3640695  ; 8.0000000   ; 3.4657141
-43.5947907 ; 37.2983413  ; 8.0000000   ; 3.4874399
-43.7821295 ; 37.2284815  ; 8.0000000   ; 3.5097038
-43.9678793 ; 37.1544041  ; 8.0000000   ; 3.5325207
-44.1518308 ; 37.0760733  ; 8.0000000   ; 3.5558948
-44.3339100 ; 36.9933973  ; 8.0000000   ; 3.5798472
-44.5139172 ; 36.9063386  ; 8.0000000   ; 3.6043856
-44.6916922 ; 36.8148437  ; 7.9793163   ; 3.6295255
-44.8671139 ; 36.7188367  ; 7.9410430   ; 3.6552890
-45.0399348 ; 36.6183102  ; 7.9029532   ; 3.6816848
-45.2100394 ; 36.5131819  ; 7.8650461   ; 3.7087420
-45.3771866 ; 36.4034430  ; 7.8273208   ; 3.7364774
-45.5411746 ; 36.2890621  ; 7.7897765   ; 3.7649130
-45.7018264 ; 36.1699867  ; 7.7524123   ; 3.7940914
-45.8588590 ; 36.0462388  ; 7.7152273   ; 3.8240345
-46.0120911 ; 35.9177619  ; 7.6782207   ; 3.8547876
-46.1612314 ; 35.7845815  ; 7.6413915   ; 3.8863990
-46.3060201 ; 35.6466958  ; 7.6047390   ; 3.9189015
-46.4462054 ; 35.5040945  ; 7.5682624   ; 3.9523222
-46.5814520 ; 35.3568538  ; 7.5319607   ; 3.9866885
-46.7115045 ; 35.2049801  ; 7.4958331   ; 4.0218714
-46.8360927 ; 35.0485982  ; 7.4598788   ; 4.0575491
-46.9549769 ; 34.8878515  ; 7.4372437   ; 4.0936780
-47.0679939 ; 34.7229313  ; 7.4015704   ; 4.1294344
-47.1751189 ; 34.5540699  ; 7.3660682   ; 4.1645910
-47.2762711 ; 34.3816272  ; 7.3307364   ; 4.1990469
-47.3715167 ; 34.2058129  ; 7.2955740   ; 4.2326278
-47.4608852 ; 34.0269310  ; 7.2605802   ; 4.2653647
-47.5444125 ; 33.8452852  ; 7.2257543   ; 4.2972713
-47.6221964 ; 33.6610496  ; 7.1910955   ; 4.3283861
-47.6942629 ; 33.4745656  ; 7.1566029   ; 4.3587263
-47.7607199 ; 33.2859740  ; 7.1222757   ; 4.3883343
-47.8216342 ; 33.0955145  ; 7.0881132   ; 4.4172335
-47.8770787 ; 32.9034209  ; 7.0541146   ; 4.4454391
-47.9271601 ; 32.7098111  ; 7.0202790   ; 4.4729820
-47.9719428 ; 32.5149619  ; 6.9866057   ; 4.4998703
-48.0115386 ; 32.3189618  ; 6.9530940   ; 4.5261313
-48.0460352 ; 32.1219974  ; 6.9197430   ; 4.5517808
-48.0755251 ; 31.9242445  ; 6.8865519   ; 4.5768303
-48.1001152 ; 31.7257824  ; 6.8535201   ; 4.6013024
-48.1198941 ; 31.5268297  ; 6.8206467   ; 4.6252025
-48.1349701 ; 31.3274385  ; 6.7879310   ; 4.6485514
-48.1454411 ; 31.1277511  ; 6.7553722   ; 4.6713599
-48.1514078 ; 30.9278970  ; 6.7229695   ; 4.6936380
-48.1529728 ; 30.7279259  ; 6.6907223   ; 4.7154023
-48.1502373 ; 30.5280074  ; 6.6583189   ; 4.7366571
-48.1433021 ; 30.3281672  ; 6.6264728   ; 4.7574187
-48.1322682 ; 30.1285104  ; 6.5998794   ; 4.7776950
-48.1172375 ; 29.9291302  ; 6.5781168   ; 4.7974946
-48.0983059 ; 29.7300536  ; 6.5608088   ; 4.8168301
-48.0755785 ; 29.5314086  ; 6.5476088   ; 4.8357052
-48.0491479 ; 29.3332025  ; 6.5381837   ; 4.8541332
-48.0191130 ; 29.1355097  ; 6.5322487   ; 4.8721199
-47.9855723 ; 28.9383943  ; 6.5295268   ; 4.8896732
-47.9486144 ; 28.7418672  ; 6.5297693   ; 4.9068026
-47.9083424 ; 28.5460198  ; 6.5327575   ; 4.9235116
-47.8648405 ; 28.3508488  ; 6.5382688   ; 4.9398109
-47.8182026 ; 28.1564022  ; 6.5461245   ; 4.9557048
-47.7685213 ; 27.9627209  ; 6.5561468   ; 4.9712005
-47.7158785 ; 27.7698067  ; 6.5681743   ; 4.9863048
-47.6603701 ; 27.5777154  ; 6.5820730   ; 5.0010206
-47.6020751 ; 27.3864419  ; 6.5977092   ; 5.0153544
-47.5410801 ; 27.1960109  ; 6.6149750   ; 5.0293094
-47.4774713 ; 27.0064428  ; 6.6337737   ; 5.0428872
-47.4113275 ; 26.8177367  ; 6.6540251   ; 5.0560914
-47.3427347 ; 26.6299131  ; 6.6756483   ; 5.0689232
-47.2717715 ; 26.4429701  ; 6.6985853   ; 5.0813841
-47.1985183 ; 26.2569111  ; 6.7227743   ; 5.0934763
-47.1230551 ; 26.0717385  ; 6.7481609   ; 5.1052004
-47.0454608 ; 25.8874510  ; 6.7747039   ; 5.1165576
-46.9658099 ; 25.7040372  ; 6.8023562   ; 5.1275497
-46.8841829 ; 25.5214991  ; 6.8310897   ; 5.1381763
-46.8006536 ; 25.3398229  ; 6.8608710   ; 5.1484389
-46.7152955 ; 25.1589945  ; 6.8916719   ; 5.1583378
-46.6281889 ; 24.9790134  ; 6.9234741   ; 5.1678730
-46.5393961 ; 24.7998418  ; 6.9562538   ; 5.1770461
-46.4490002 ; 24.6214844  ; 6.9900036   ; 5.1858553
-46.3570689 ; 24.4439135  ; 7.0247097   ; 5.1943019
-46.2636695 ; 24.2671019  ; 7.0603589   ; 5.2023867
-46.1688830 ; 24.0910478  ; 7.0969430   ; 5.2101091
-46.0727620 ; 23.9156961  ; 7.1344546   ; 5.2174685
-45.9753911 ; 23.7410491  ; 7.1729276   ; 5.2244603
-45.8768349 ; 23.5670719  ; 7.2123648   ; 5.2310869
-45.7771541 ; 23.3937271  ; 7.2526928   ; 5.2373680
-45.6764207 ; 23.2210027  ; 7.2938021   ; 5.2433075
-45.5746808 ; 23.0488637  ; 7.3357062   ; 5.2490904
-45.4719355 ; 22.8773216  ; 7.3753521   ; 5.2550051
-45.3681652 ; 22.7063970  ; 7.4124195   ; 5.2610752
-45.2633314 ; 22.5361232  ; 7.4462268   ; 5.2675070
-45.1573681 ; 22.3665472  ; 7.4756031   ; 5.2743549
-45.0502113 ; 22.1977235  ; 7.5007014   ; 5.2816178
-44.9417972 ; 22.0297060  ; 7.5217012   ; 5.2892932
-44.8320620 ; 21.8625481  ; 7.5387506   ; 5.2973822
-44.7209432 ; 21.6963054  ; 7.5519866   ; 5.3058867
-44.6083824 ; 21.5310404  ; 7.5615378   ; 5.3148079
-44.4943143 ; 21.3668053  ; 7.5675415   ; 5.3241458
-44.3786859 ; 21.2036697  ; 7.5701510   ; 5.3338993
-44.2614380 ; 21.0416939  ; 7.5694982   ; 5.3440696
-44.1425135 ; 20.8809411  ; 7.5657196   ; 5.3546563
-44.0218654 ; 20.7214877  ; 7.5589496   ; 5.3656601
-43.8994304 ; 20.5633886  ; 7.5493109   ; 5.3770823
-43.7751693 ; 20.4067300  ; 7.5369400   ; 5.3889227
-43.6490294 ; 20.2515800  ; 7.5219540   ; 5.4011832
-43.5209608 ; 20.0980105  ; 7.5044787   ; 5.4138641
-43.3909318 ; 19.9461148  ; 7.4846372   ; 5.4269662
-43.2588804 ; 19.7959506  ; 7.4625380   ; 5.4404927
-43.1247863 ; 19.6476232  ; 7.4383090   ; 5.4544429
-42.9886048 ; 19.5012098  ; 7.4120516   ; 5.4688204
-42.8502952 ; 19.3567925  ; 7.3838784   ; 5.4836265
-42.7098458 ; 19.2144830  ; 7.3507667   ; 5.4988624
-42.5671960 ; 19.0743429  ; 7.3129503   ; 5.5145337
-42.4223495 ; 18.9364981  ; 7.2768288   ; 5.5306394
-42.2752720 ; 18.8010363  ; 7.2419250   ; 5.5471851
-42.1259348 ; 18.6680511  ; 7.2071885   ; 5.5641732
-41.9743515 ; 18.5376730  ; 7.1726187   ; 5.5816056
-41.8204632 ; 18.4099700  ; 7.1382148   ; 5.5994905
-41.6643046 ; 18.2850881  ; 7.1039758   ; 5.6178263
-41.5058546 ; 18.1631267  ; 7.0699011   ; 5.6366213
-41.3451005 ; 18.0441929  ; 7.0359898   ; 5.6558812
-41.1820854 ; 17.9284341  ; 7.0022412   ; 5.6756091
-41.0167571 ; 17.8159300  ; 6.9686544   ; 5.6958199
-40.8491844 ; 17.7068449  ; 6.9352288   ; 5.7165166
-40.6793633 ; 17.6012929  ; 6.9019634   ; 5.7377112
-40.5073034 ; 17.4993991  ; 6.8688577   ; 5.7594172
-40.3330780 ; 17.4013260  ; 6.8359107   ; 5.7816408
-40.1566520 ; 17.3071753  ; 6.8031218   ; 5.8044039
-39.9781287 ; 17.2171257  ; 6.7704901   ; 5.8277152
-39.7975297 ; 17.1313121  ; 6.7380150   ; 5.8515912
-39.6148958 ; 17.0498816  ; 6.7056956   ; 5.8760546
-39.4303326 ; 16.9730107  ; 6.6735312   ; 5.9011168
-39.2438392 ; 16.9008321  ; 6.6415212   ; 5.9268088
-39.0555563 ; 16.8335378  ; 6.6096646   ; 5.9531496
-38.8655435 ; 16.7712886  ; 6.5779609   ; 5.9801622
-38.6738871 ; 16.7142578  ; 6.5464092   ; 6.0078800
-38.4807332 ; 16.6626377  ; 6.5150089   ; 6.0363223
-38.2861312 ; 16.6165956  ; 6.4837592   ; 6.0655315
-38.0902798 ; 16.5763402  ; 6.4526594   ; 6.0955413
-37.8932872 ; 16.5420597  ; 6.4217088   ; 6.1263764
-37.6953095 ; 16.5139459  ; 6.3909066   ; 6.1580025
-37.4965768 ; 16.4921906  ; 6.3602521   ; 6.1904343
-37.2971964 ; 16.4769476  ; 6.3297447   ; 6.2233423
-37.0974409 ; 16.4682815  ; 6.2993836   ; 6.2563312
-36.8975170 ; 16.4662154  ; 6.2691682   ; 0.0061321
-36.6976230 ; 16.4706856  ; 6.2390977   ; 0.0384582
-36.4979503 ; 16.4815402  ; 6.2091714   ; 0.0700361
-36.2987509 ; 16.4986079  ; 6.1793887   ; 0.1007429
-36.1001273 ; 16.5216893  ; 6.1497488   ; 0.1304713
-35.9022729 ; 16.5505680  ; 6.1202511   ; 0.1592435
-35.7053210 ; 16.5850332  ; 6.0908949   ; 0.1870797
-35.5093556 ; 16.6248832  ; 6.0613965   ; 0.2140034
-35.3145604 ; 16.6698957  ; 6.0355414   ; 0.2400295
-35.1209457 ; 16.7198868  ; 6.0169631   ; 0.2651878
-34.9286386 ; 16.7746466  ; 6.0049843   ; 0.2894903
-34.7376988 ; 16.8339816  ; 5.9989680   ; 0.3129549
-34.5481459 ; 16.8977128  ; 5.9983818   ; 0.3355987
-34.3601051 ; 16.9656252  ; 6.0027382   ; 0.3574283
-34.1735267 ; 17.0375659  ; 6.0115874   ; 0.3784654
-33.9884868 ; 17.1133368  ; 6.0245633   ; 0.3987158
-33.8049918 ; 17.1927664  ; 6.0413137   ; 0.4181928
-33.6230171 ; 17.2756988  ; 6.0615508   ; 0.4369077
-33.4426390 ; 17.3619317  ; 6.0850169   ; 0.4548632
-33.2637708 ; 17.4513397  ; 6.1114758   ; 0.4720743
-33.0864470 ; 17.5437399  ; 6.1407418   ; 0.4885436
-32.9106363 ; 17.6389819  ; 6.1726342   ; 0.5042794
-32.7362854 ; 17.7369294  ; 6.2070110   ; 0.5192892
-32.5634256 ; 17.8373978  ; 6.2437479   ; 0.5335735
-32.3919537 ; 17.9402805  ; 6.2827335   ; 0.5471420
-32.2218667 ; 18.0454126  ; 6.3238851   ; 0.5599951
-32.0531085 ; 18.1526609  ; 6.3671353   ; 0.5721354
-31.8856079 ; 18.2619024  ; 6.4124358   ; 0.5835667
-31.7193540 ; 18.3729746  ; 6.4597413   ; 0.5942873
-31.5542417 ; 18.4857773  ; 6.5090338   ; 0.6043009
-31.3902334 ; 18.6001651  ; 6.5602911   ; 0.6136077
-31.2272574 ; 18.7160156  ; 6.6135040   ; 0.6222084
-31.0652320 ; 18.8332140  ; 6.6686742   ; 0.6301045
-30.9041094 ; 18.9516210  ; 6.7258045   ; 0.6372956
-30.7437915 ; 19.0711338  ; 6.7849135   ; 0.6437829
-30.5842119 ; 19.1916264  ; 6.8460200   ; 0.6495666
-30.4252904 ; 19.3129831  ; 6.9091517   ; 0.6546468
-30.2669419 ; 19.4350920  ; 6.9743434   ; 0.6590240
-30.1090877 ; 19.5578361  ; 7.0416333   ; 0.6626980
-29.9516433 ; 19.6811033  ; 7.1110692   ; 0.6656690
-29.7945198 ; 19.8047844  ; 7.1827015   ; 0.6679369
-29.6376346 ; 19.9287655  ; 7.2565877   ; 0.6695016
-29.4809043 ; 20.0529335  ; 7.3327912   ; 0.6703629
-29.3242279 ; 20.1771887  ; 7.4113802   ; 0.6705206
-29.1675367 ; 20.3014060  ; 7.4895823   ; 0.6699745
-29.0107279 ; 20.4254875  ; 7.5599470   ; 0.6687241
-28.8537213 ; 20.5493167  ; 7.6226653   ; 0.6667689
-28.6964391 ; 20.6727757  ; 7.6779256   ; 0.6641089
-28.5387679 ; 20.7957740  ; 7.7259159   ; 0.6607428
-28.3806561 ; 20.9181729  ; 7.7668218   ; 0.6566706
-28.2219954 ; 21.0398776  ; 7.8008330   ; 0.6518911
-28.0627128 ; 21.1607656  ; 7.8281373   ; 0.6464034
-27.9027394 ; 21.2807114  ; 7.8489263   ; 0.6402070
-27.7419615 ; 21.3996230  ; 7.8633993   ; 0.6333001
-27.5803433 ; 21.5173500  ; 7.8717559   ; 0.6256831
-27.4177809 ; 21.6337925  ; 7.8742005   ; 0.6173528
-27.2542140 ; 21.7488171  ; 7.8709119   ; 0.6083036
-27.0895876 ; 21.8622870  ; 7.8620812   ; 0.5985352
-26.9238009 ; 21.9740997  ; 7.8479829   ; 0.5880802
-26.7568323 ; 22.0841082  ; 7.8292484   ; 0.5769629
-26.5886171 ; 22.1922034  ; 7.8060918   ; 0.5653168
-26.4191471 ; 22.2983294  ; 7.7820813   ; 0.5536429
-26.2484495 ; 22.4024724  ; 7.7592604   ; 0.5419903
-26.0765579 ; 22.5046251  ; 7.7377334   ; 0.5304528
-25.9035028 ; 22.6048056  ; 7.7184741   ; 0.5190866
-25.7293313 ; 22.7030258  ; 7.7013658   ; 0.5078859
-25.5540777 ; 22.7993021  ; 7.6861943   ; 0.4968338
-25.3777748 ; 22.8936501  ; 7.6728056   ; 0.4859276
-25.2004658 ; 22.9860797  ; 7.6611092   ; 0.4751657
-25.0221729 ; 23.0766114  ; 7.6510113   ; 0.4645458
-24.8429389 ; 23.1652552  ; 7.6424319   ; 0.4540666
-24.6627909 ; 23.2520289  ; 7.6352796   ; 0.4437245
-24.4817566 ; 23.3369491  ; 7.6294758   ; 0.4335181
-24.2998786 ; 23.4200259  ; 7.6249516   ; 0.4234463
-24.1171709 ; 23.5012821  ; 7.6216360   ; 0.4135069
-23.9336748 ; 23.5807283  ; 7.6194693   ; 0.4036995
-23.7494122 ; 23.6583837  ; 7.6183951   ; 0.3940230
-23.5644071 ; 23.7342664  ; 7.6183605   ; 0.3844763
-23.3786996 ; 23.8083880  ; 7.6193145   ; 0.3750592
-23.1922987 ; 23.8807727  ; 7.6212103   ; 0.3657702
-23.0052436 ; 23.9514327  ; 7.6240029   ; 0.3566092
-22.8175518 ; 24.0203887  ; 7.6276502   ; 0.3475752
-22.6292441 ; 24.0876599  ; 7.6321128   ; 0.3386674
-22.4403579 ; 24.1532598  ; 7.6373521   ; 0.3298857
-22.2508983 ; 24.2172131  ; 7.6433341   ; 0.3212288
-22.0609020 ; 24.2795339  ; 7.6500246   ; 0.3126967
-21.8703829 ; 24.3402437  ; 7.6573926   ; 0.3042886
-21.6793591 ; 24.3993628  ; 7.6654086   ; 0.2960037
-21.4878644 ; 24.4569064  ; 7.6740439   ; 0.2878423
-21.2959015 ; 24.5128994  ; 7.6832735   ; 0.2798030
-21.1035038 ; 24.5673575  ; 7.6930720   ; 0.2718860
-20.9106825 ; 24.6203029  ; 7.7034164   ; 0.2640905
-20.7174531 ; 24.6717564  ; 7.7142852   ; 0.2564161
-20.5238457 ; 24.7217351  ; 7.7256572   ; 0.2488629
-20.3298614 ; 24.7702637  ; 7.7375141   ; 0.2414298
-20.1355301 ; 24.8173594  ; 7.7498371   ; 0.2341169
-19.9408607 ; 24.8630448  ; 7.7626096   ; 0.2269238
-19.7458664 ; 24.9073412  ; 7.7758160   ; 0.2198499
-19.5505736 ; 24.9502672  ; 7.7894405   ; 0.2128955
-19.3549824 ; 24.9918472  ; 7.8034704   ; 0.2060596
-19.1591189 ; 25.0320998  ; 7.8178917   ; 0.1993424
-18.9629902 ; 25.0710477  ; 7.8326926   ; 0.1927435
-18.7666077 ; 25.1087127  ; 7.8478619   ; 0.1862625
-18.5699935 ; 25.1451147  ; 7.8633884   ; 0.1798996
-18.3731479 ; 25.1802775  ; 7.8792630   ; 0.1736540
-18.1760926 ; 25.2142211  ; 7.8954758   ; 0.1675260
-17.9788337 ; 25.2469683  ; 7.9120186   ; 0.1615151
-17.7813806 ; 25.2785412  ; 7.9288834   ; 0.1556211
-17.5837517 ; 25.3089605  ; 7.9460625   ; 0.1498442
-17.3859473 ; 25.3382499  ; 7.9635497   ; 0.1441838
-17.1879852 ; 25.3664303  ; 7.9813382   ; 0.1386400
-16.9898706 ; 25.3935244  ; 7.9994225   ; 0.1332127
-16.7916112 ; 25.4195547  ; 8.0000000   ; 0.1279015
-16.5932217 ; 25.4445427  ; 8.0000000   ; 0.1227066
-16.3947028 ; 25.4685117  ; 8.0000000   ; 0.1176277
-16.1960685 ; 25.4914834  ; 8.0000000   ; 0.1126648
-15.9973232 ; 25.5134806  ; 8.0000000   ; 0.1078177
-15.7984734 ; 25.5345258  ; 8.0000000   ; 0.1030864
-15.5995301 ; 25.5546413  ; 8.0000000   ; 0.0984709
-15.4004947 ; 25.5738501  ; 8.0000000   ; 0.0939709
-15.2013775 ; 25.5921743  ; 8.0000000   ; 0.0895866
-15.0021825 ; 25.6096370  ; 8.0000000   ; 0.0853177
-14.8029148 ; 25.6262607  ; 8.0000000   ; 0.0811644
-14.6035822 ; 25.6420681  ; 8.0000000   ; 0.0771265
-14.4041870 ; 25.6570821  ; 8.0000000   ; 0.0732040
-14.2047360 ; 25.6713252  ; 8.0000000   ; 0.0693969
-14.0052328 ; 25.6848205  ; 8.0000000   ; 0.0657052
-13.8056816 ; 25.6975907  ; 8.0000000   ; 0.0621288
-13.6060870 ; 25.7096586  ; 8.0000000   ; 0.0586677
-13.4064525 ; 25.7210472  ; 8.0000000   ; 0.0553220
-13.2067813 ; 25.7317793  ; 8.0000000   ; 0.0520916
-13.0070774 ; 25.7418778  ; 8.0000000   ; 0.0489766
-12.8073436 ; 25.7513657  ; 8.0000000   ; 0.0459768
-12.6075822 ; 25.7602660  ; 8.0000000   ; 0.0430924
-12.4077973 ; 25.7686015  ; 8.0000000   ; 0.0403233
-12.2079896 ; 25.7763954  ; 8.0000000   ; 0.0376696
-12.0081627 ; 25.7836704  ; 8.0000000   ; 0.0351313
-11.8083191 ; 25.7904498  ; 8.0000000   ; 0.0327084
-11.6084585 ; 25.7967565  ; 8.0000000   ; 0.0304008
-11.4085860 ; 25.8026134  ; 8.0000000   ; 0.0282087
-11.2086998 ; 25.8080438  ; 8.0000000   ; 0.0261320
-11.0088037 ; 25.8130706  ; 8.0000000   ; 0.0241708
-10.8088995 ; 25.8177169  ; 8.0000000   ; 0.0223251
-10.6089849 ; 25.8220058  ; 8.0000000   ; 0.0205950
-10.4090661 ; 25.8259604  ; 8.0000000   ; 0.0189805
-10.2091391 ; 25.8296037  ; 8.0000000   ; 0.0174815
-10.0092080 ; 25.8329589  ; 8.0000000   ; 0.0160983
-9.8092739  ; 25.8360491  ; 8.0000000   ; 0.0148307
-9.6093333  ; 25.8388975  ; 8.0000000   ; 0.0136789
-9.4093930  ; 25.8415271  ; 8.0000000   ; 0.0126428
-9.2094474  ; 25.8439612  ; 8.0000000   ; 0.0117225
-9.0095009  ; 25.8462228  ; 8.0000000   ; 0.0109182
-8.8095543  ; 25.8483352  ; 8.0000000   ; 0.0102298
-8.6096031  ; 25.8503216  ; 8.0000000   ; 0.0096577
-8.4096546  ; 25.8522052  ; 8.0000000   ; 0.0092021
-8.2097021  ; 25.8540094  ; 8.0000000   ; 0.0088636
-8.0097505  ; 25.8557578  ; 8.0000000   ; 0.0086439
-7.8098001  ; 25.8574742  ; 8.0000000   ; 0.0085433
-7.6098458  ; 25.8591826  ; 8.0000000   ; 0.0085654
-7.4098963  ; 25.8609079  ; 8.0000000   ; 0.0087120
-7.2099434  ; 25.8626747  ; 8.0000000   ; 0.0089777
-7.0099927  ; 25.8645052  ; 8.0000000   ; 0.0093485
-6.8100449  ; 25.8664202  ; 8.0000000   ; 0.0098223
-6.6100948  ; 25.8684373  ; 8.0000000   ; 0.0103614
-6.4101482  ; 25.8705671  ; 8.0000000   ; 0.0109495
-6.2102021  ; 25.8728189  ; 8.0000000   ; 0.0115754
-6.0102572  ; 25.8751968  ; 8.0000000   ; 0.0122101
-5.8103140  ; 25.8777023  ; 8.0000000   ; 0.0128514
-5.6103725  ; 25.8803356  ; 8.0000000   ; 0.0134859
-5.4104321  ; 25.8830945  ; 8.0000000   ; 0.0141079
-5.2104939  ; 25.8859766  ; 8.0000000   ; 0.0147174
-5.0105573  ; 25.8889793  ; 8.0000000   ; 0.0153147
-4.8106223  ; 25.8921002  ; 8.0000000   ; 0.0159000
-4.6106897  ; 25.8953369  ; 8.0000000   ; 0.0164733
-4.4107582  ; 25.8986871  ; 8.0000000   ; 0.0170348
-4.2108293  ; 25.9021483  ; 8.0000000   ; 0.0175843
-4.0109020  ; 25.9057182  ; 8.0000000   ; 0.0181209
-3.8109763  ; 25.9093940  ; 8.0000000   ; 0.0186445
-3.6110532  ; 25.9131730  ; 8.0000000   ; 0.0191534
-3.4111313  ; 25.9170523  ; 8.0000000   ; 0.0196468
-3.2112120  ; 25.9210286  ; 8.0000000   ; 0.0201246
-3.0112942  ; 25.9250989  ; 8.0000000   ; 0.0205868
-2.8113781  ; 25.9292600  ; 8.0000000   ; 0.0210332
-2.6114644  ; 25.9335088  ; 8.0000000   ; 0.0214641
-2.4115519  ; 25.9378423  ; 8.0000000   ; 0.0218795
-2.2116417  ; 25.9422571  ; 8.0000000   ; 0.0222794
-2.0117330  ; 25.9467505  ; 8.0000000   ; 0.0226641
-1.8118258  ; 25.9513191  ; 8.0000000   ; 0.0230334
-1.6119209  ; 25.9559601  ; 8.0000000   ; 0.0233873
-1.4120169  ; 25.9606703  ; 8.0000000   ; 0.0237255
-1.2121150  ; 25.9654464  ; 8.0000000   ; 0.0240478
-1.0122144  ; 25.9702853  ; 8.0000000   ; 0.0243530
-0.8123150  ; 25.9751835  ; 8.0000000   ; 0.0246411
-0.6124175  ; 25.9801376  ; 8.0000000   ; 0.0249121
-0.4125207  ; 25.9851442  ; 8.0000000   ; 0.0251659
-0.2126257  ; 25.9901997  ; 8.0000000   ; 0.0254026
-0.0127316  ; 25.9953009  ; 8.0000000   ; 0.0256222
0.1871616   ; 26.0004443  ; 8.0000000   ; 0.0258249
0.3870533   ; 26.0056265  ; 8.0000000   ; 0.0260108
0.5869447   ; 26.0108442  ; 8.0000000   ; 0.0261799
0.7868347   ; 26.0160940  ; 8.0000000   ; 0.0263323
0.9867242   ; 26.0213726  ; 8.0000000   ; 0.0264681
1.1866132   ; 26.0266768  ; 8.0000000   ; 0.0265875
1.3865012   ; 26.0320031  ; 8.0000000   ; 0.0266903
1.5863892   ; 26.0373484  ; 8.0000000   ; 0.0267768
1.7862762   ; 26.0427093  ; 8.0000000   ; 0.0268470
1.9861632   ; 26.0480826  ; 8.0000000   ; 0.0269010
2.1860501   ; 26.0534651  ; 8.0000000   ; 0.0269389
2.3859364   ; 26.0588536  ; 8.0000000   ; 0.0269610
2.5858231   ; 26.0642450  ; 8.0000000   ; 0.0269674
2.7857094   ; 26.0696360  ; 8.0000000   ; 0.0269581
2.9855960   ; 26.0750237  ; 8.0000000   ; 0.0269333
3.1854829   ; 26.0804049  ; 8.0000000   ; 0.0268932
3.3853697   ; 26.0857764  ; 8.0000000   ; 0.0268376
3.5852573   ; 26.0911354  ; 8.0000000   ; 0.0267667
3.7851448   ; 26.0964787  ; 8.0000000   ; 0.0266806
3.9850331   ; 26.1018032  ; 8.0000000   ; 0.0265796
4.1849221   ; 26.1071061  ; 8.0000000   ; 0.0264636
4.3848114   ; 26.1123843  ; 8.0000000   ; 0.0263330
4.5847019   ; 26.1176350  ; 8.0000000   ; 0.0261880
4.7845927   ; 26.1228552  ; 8.0000000   ; 0.0260285
4.9844846   ; 26.1280421  ; 8.0000000   ; 0.0258544
5.1843775   ; 26.1331927  ; 8.0000000   ; 0.0256627
5.3842712   ; 26.1382990  ; 8.0000000   ; 0.0254016
5.5841670   ; 26.1433443  ; 8.0000000   ; 0.0250523
5.7840626   ; 26.1483078  ; 8.0000000   ; 0.0245565
5.9839628   ; 26.1531455  ; 8.0000000   ; 0.0237892
6.1838679   ; 26.1578024  ; 8.0000000   ; 0.0227497
6.3837745   ; 26.1622292  ; 8.0000000   ; 0.0215003
6.5836944   ; 26.1663876  ; 8.0000000   ; 0.0200630
6.7836134   ; 26.1702381  ; 8.0000000   ; 0.0184085
6.9835427   ; 26.1737303  ; 8.0000000   ; 0.0164745
7.1834810   ; 26.1768076  ; 8.0000000   ; 0.0142578
7.3834212   ; 26.1794121  ; 8.0000000   ; 0.0117434
7.5833720   ; 26.1814836  ; 8.0000000   ; 0.0089257
7.7833246   ; 26.1829615  ; 8.0000000   ; 0.0058060
7.9832822   ; 26.1837856  ; 8.0000000   ; 0.0023864
8.1832423   ; 26.1838959  ; 8.0000000   ; 6.2818525
8.3831995   ; 26.1832327  ; 8.0000000   ; 6.2778352
8.5831539   ; 26.1817365  ; 8.0000000   ; 6.2735204
8.7830986   ; 26.1793478  ; 8.0000000   ; 6.2689085
8.9830298   ; 26.1760075  ; 8.0000000   ; 6.2640008
9.1829419   ; 26.1716564  ; 8.0000000   ; 6.2587971
9.3828277   ; 26.1662355  ; 8.0000000   ; 6.2532976
9.5826790   ; 26.1596859  ; 8.0000000   ; 6.2475022
9.7824893   ; 26.1519486  ; 8.0000000   ; 6.2414110
9.9822462   ; 26.1429648  ; 8.0000000   ; 6.2350241
10.1819398  ; 26.1326759  ; 8.0000000   ; 6.2283414
10.3815605  ; 26.1210231  ; 8.0000000   ; 6.2213630
10.5810894  ; 26.1079484  ; 8.0000000   ; 6.2140889
10.7805202  ; 26.0933927  ; 8.0000000   ; 6.2065186
10.9798299  ; 26.0772985  ; 8.0000000   ; 6.1986524
11.1790033  ; 26.0596075  ; 8.0000000   ; 6.1904898
11.3780270  ; 26.0402615  ; 8.0000000   ; 6.1820308
11.5768699  ; 26.0192038  ; 8.0000000   ; 6.1732750
11.7755252  ; 25.9963756  ; 8.0000000   ; 6.1642217
11.9739575  ; 25.9717208  ; 8.0000000   ; 6.1548712
12.1721449  ; 25.9451825  ; 8.0000000   ; 6.1452224
12.3700694  ; 25.9167026  ; 8.0000000   ; 6.1352748
12.5676860  ; 25.8862273  ; 8.0000000   ; 6.1250282
12.7649862  ; 25.8536972  ; 8.0000000   ; 6.1144807
12.9619210  ; 25.8190595  ; 8.0000000   ; 6.1036326
13.1584604  ; 25.7822583  ; 8.0000000   ; 6.0924823
13.3545800  ; 25.7432365  ; 8.0000000   ; 6.0810285
13.5502205  ; 25.7019440  ; 8.0000000   ; 6.0692709
13.7453692  ; 25.6583211  ; 8.0000000   ; 6.0572067
13.9399628  ; 25.6123192  ; 8.0000000   ; 6.0448359
14.1339621  ; 25.5638844  ; 8.0000000   ; 6.0321562
14.3273340  ; 25.5129609  ; 8.0000000   ; 6.0191653
14.5200044  ; 25.4595040  ; 8.0000000   ; 6.0058626
14.7119539  ; 25.4034538  ; 8.0000000   ; 5.9922439
14.9031043  ; 25.3447673  ; 8.0000000   ; 5.9783090
15.0934055  ; 25.2833935  ; 8.0000000   ; 5.9640547
15.2828131  ; 25.2192793  ; 8.0000000   ; 5.9494772
15.4712391  ; 25.1523860  ; 8.0000000   ; 5.9345751
15.6586526  ; 25.0826552  ; 8.0000000   ; 5.9193431
15.8449613  ; 25.0100507  ; 8.0000000   ; 5.9037800
16.0301019  ; 24.9345257  ; 8.0000000   ; 5.8878816
16.2140151  ; 24.8560314  ; 8.0000000   ; 5.8716421
16.3966009  ; 24.7745362  ; 8.0000000   ; 5.8550591
16.5778100  ; 24.6899860  ; 8.0000000   ; 5.8381256
16.7575384  ; 24.6023515  ; 8.0000000   ; 5.8208382
16.9357067  ; 24.5115923  ; 8.0000000   ; 5.8031911
17.1122360  ; 24.4176668  ; 8.0000000   ; 5.7851743
17.2870155  ; 24.3205495  ; 8.0000000   ; 5.7667825
17.4599706  ; 24.2201954  ; 8.0000000   ; 5.7480101
17.6309864  ; 24.1165831  ; 8.0000000   ; 5.7288563
17.7999626  ; 24.0096838  ; 8.0000000   ; 5.7093200
17.9668029  ; 23.8994740  ; 8.0000000   ; 5.6894574
18.1314049  ; 23.7859455  ; 8.0000000   ; 5.6692806
18.2936624  ; 23.6691090  ; 8.0000000   ; 5.6489843
18.4535365  ; 23.5490123  ; 8.0000000   ; 5.6288882
18.6109779  ; 23.4257427  ; 8.0000000   ; 5.6089990
18.7659469  ; 23.2993934  ; 8.0000000   ; 5.5893974
18.9184438  ; 23.1700416  ; 8.0000000   ; 5.5700969
19.0684184  ; 23.0378085  ; 8.0000000   ; 5.5510950
19.2158833  ; 22.9027618  ; 8.0000000   ; 5.5323838
19.3608160  ; 22.7649999  ; 8.0000000   ; 5.5139573
19.5031974  ; 22.6246181  ; 8.0000000   ; 5.4958043
19.6430408  ; 22.4816782  ; 8.0000000   ; 5.4779143
19.7803059  ; 22.3362965  ; 8.0000000   ; 5.4602849
19.9150160  ; 22.1885228  ; 8.0000000   ; 5.4429061
20.0471567  ; 22.0384463  ; 8.0000000   ; 5.4257739
20.1767182  ; 21.8861525  ; 8.0000000   ; 5.4088828
20.3037211  ; 21.7316897  ; 8.0000000   ; 5.3922248
20.4281353  ; 21.5751679  ; 8.0000000   ; 5.3757990
20.5499890  ; 21.4166253  ; 8.0000000   ; 5.3595981
20.6692764  ; 21.2561424  ; 8.0000000   ; 5.3436185
20.7859958  ; 21.0937952  ; 8.0000000   ; 5.3278563
20.9001707  ; 20.9296241  ; 8.0000000   ; 5.3123053
21.0117829  ; 20.7637291  ; 8.0000000   ; 5.2969649
21.1208622  ; 20.5961407  ; 8.0000000   ; 5.2818289
21.2274100  ; 20.4269307  ; 8.0000000   ; 5.2668944
21.3314313  ; 20.2561664  ; 8.0000000   ; 5.2521593
21.4329499  ; 20.0838846  ; 8.0000000   ; 5.2376187
21.5319606  ; 19.9101703  ; 8.0000000   ; 5.2232720
21.6284906  ; 19.7350537  ; 8.0000000   ; 5.2091156
21.7225488  ; 19.5585966  ; 8.0000000   ; 5.1951473
21.8141468  ; 19.3808572  ; 8.0000000   ; 5.1813662
21.9033085  ; 19.2018701  ; 8.0000000   ; 5.1677685
21.9900392  ; 19.0217064  ; 8.0000000   ; 5.1543539
22.0743646  ; 18.8403974  ; 8.0000000   ; 5.1411199
22.1562996  ; 18.6579952  ; 8.0000000   ; 5.1280642
22.2358610  ; 18.4745496  ; 8.0000000   ; 5.1151850
22.3130716  ; 18.2900957  ; 8.0000000   ; 5.1024796
22.3879462  ; 18.1046878  ; 8.0000000   ; 5.0899469
22.4605084  ; 17.9183594  ; 8.0000000   ; 5.0775848
22.5307777  ; 17.7311535  ; 8.0000000   ; 5.0653914
22.5987747  ; 17.5431119  ; 8.0000000   ; 5.0533677
22.6645218  ; 17.3542717  ; 8.0000000   ; 5.0415123
22.7280417  ; 17.1646689  ; 8.0000000   ; 5.0298188
22.7893541  ; 16.9743430  ; 8.0000000   ; 5.0182790
22.8484804  ; 16.7833274  ; 8.0000000   ; 5.0068845
22.9054355  ; 16.5916523  ; 8.0000000   ; 4.9955741
22.9602255  ; 16.3993478  ; 8.0000000   ; 4.9843324
23.0128480  ; 16.2064398  ; 8.0000000   ; 4.9730085
23.0632540  ; 16.0129392  ; 8.0000000   ; 4.9613829
23.1113775  ; 15.8188577  ; 8.0000000   ; 4.9494445
23.1571435  ; 15.6242077  ; 8.0000000   ; 4.9371151
23.2004661  ; 15.4289986  ; 8.0000000   ; 4.9243736
23.2412576  ; 15.2332438  ; 8.0000000   ; 4.9112161
23.2794284  ; 15.0369634  ; 8.0000000   ; 4.8976374
23.3148889  ; 14.8401745  ; 8.0000000   ; 4.8836347
23.3475489  ; 14.6428998  ; 8.0000000   ; 4.8692079
23.3773164  ; 14.4451747  ; 8.0000000   ; 4.8543546
23.4041026  ; 14.2470140  ; 8.0000000   ; 4.8390706
23.4278133  ; 14.0484688  ; 8.0000000   ; 4.8233535
23.4483573  ; 13.8495704  ; 8.0000000   ; 4.8071988
23.4656421  ; 13.6503574  ; 8.0000000   ; 4.7906025
23.4795733  ; 13.4508942  ; 8.0000000   ; 4.7735609
23.4900592  ; 13.2512036  ; 8.0000000   ; 4.7560668
23.4970045  ; 13.0513699  ; 8.0000000   ; 4.7381170
23.5003157  ; 12.8514424  ; 8.0000000   ; 4.7197045
23.4998986  ; 12.6514806  ; 8.0000000   ; 4.7008228
23.4956592  ; 12.4515802  ; 8.0000000   ; 4.6814666
23.4875023  ; 12.2517798  ; 8.0000000   ; 4.6616252
23.4753351  ; 12.0521973  ; 8.0000000   ; 4.6412934
23.4590630  ; 11.8529073  ; 8.0000000   ; 4.6204615
23.4385917  ; 11.6539961  ; 8.0000000   ; 4.5991193
23.4138312  ; 11.4555917  ; 8.0000000   ; 4.5772590
23.3846841  ; 11.2577615  ; 8.0000000   ; 4.5548663
23.3510639  ; 11.0606563  ; 8.0000000   ; 4.5319323
23.3128784  ; 10.8643850  ; 8.0000000   ; 4.5084439
23.2700367  ; 10.6690690  ; 8.0000000   ; 4.4843856
23.2224562  ; 10.4748685  ; 8.0000000   ; 4.4597456
23.1700437  ; 10.2818994  ; 8.0000000   ; 4.4345059
23.1127218  ; 10.0903405  ; 8.0000000   ; 4.4086509
23.0504077  ; 9.9003482   ; 8.0000000   ; 4.3821777
22.9830350  ; 9.7120853   ; 8.0000000   ; 4.3551879
22.9105612  ; 9.5257326   ; 8.0000000   ; 4.3276905
22.8329652  ; 9.3414543   ; 8.0000000   ; 4.3000578
22.7503397  ; 9.1593699   ; 8.0000000   ; 4.2728034
22.6628168  ; 8.9795894   ; 8.0000000   ; 4.2459345
22.5705449  ; 8.8022019   ; 8.0000000   ; 4.2196368
22.4736897  ; 8.6272663   ; 8.0000000   ; 4.1939383
22.3724265  ; 8.4548556   ; 8.0000000   ; 4.1688215
22.2669099  ; 8.2850071   ; 8.0000000   ; 4.1442687
22.1573019  ; 8.1177706   ; 8.0000000   ; 4.1202652
22.0437573  ; 7.9531853   ; 8.0000000   ; 4.0967926
21.9264177  ; 7.7912724   ; 8.0000000   ; 4.0738364
21.8054402  ; 7.6320748   ; 8.0000000   ; 4.0513836
21.6809520  ; 7.4755963   ; 8.0000000   ; 4.0294182
21.5530946  ; 7.3218599   ; 8.0000000   ; 4.0079300
21.4220012  ; 7.1708789   ; 8.0000000   ; 3.9869051
21.2877885  ; 7.0226482   ; 8.0000000   ; 3.9663323
21.1505978  ; 6.8771903   ; 8.0000000   ; 3.9462039
21.0105312  ; 6.7344855   ; 8.0000000   ; 3.9265084
20.8677120  ; 6.5945371   ; 8.0000000   ; 3.9072387
20.7222548  ; 6.4573394   ; 8.0000000   ; 3.8883863
20.5742557  ; 6.3228696   ; 8.0000000   ; 3.8699429
20.4238404  ; 6.1911320   ; 8.0000000   ; 3.8519039
20.2710912  ; 6.0620922   ; 8.0000000   ; 3.8342610
20.1161147  ; 5.9357375   ; 8.0000000   ; 3.8170095
19.9590092  ; 5.8120474   ; 8.0000000   ; 3.8001448
19.7998544  ; 5.6909872   ; 8.0000000   ; 3.7836611
19.6387595  ; 5.5725445   ; 8.0000000   ; 3.7675561
19.4757927  ; 5.4566760   ; 8.0000000   ; 3.7518246
19.3110449  ; 5.3433553   ; 8.0000000   ; 3.7364633
19.1445993  ; 5.2325501   ; 8.0000000   ; 3.7214691
18.9765236  ; 5.1242177   ; 8.0000000   ; 3.7068382
18.8069091  ; 5.0183308   ; 8.0000000   ; 3.6925691
18.6358141  ; 4.9148409   ; 8.0000000   ; 3.6786591
18.4633145  ; 4.8137102   ; 8.0000000   ; 3.6651057
18.2894801  ; 4.7148971   ; 8.0000000   ; 3.6519071
18.1143687  ; 4.6183533   ; 8.0000000   ; 3.6390605
17.9380538  ; 4.5240392   ; 8.0000000   ; 3.6265647
17.7605870  ; 4.4319029   ; 8.0000000   ; 3.6144174
17.5820297  ; 4.3418981   ; 8.0000000   ; 3.6026172
17.4024394  ; 4.2539762   ; 8.0000000   ; 3.5911628
17.2218663  ; 4.1680848   ; 8.0000000   ; 3.5800528
17.0403667  ; 4.0841747   ; 8.0000000   ; 3.5692860
16.8579872  ; 4.0021919   ; 8.0000000   ; 3.5588613
16.6747764  ; 3.9220834   ; 8.0000000   ; 3.5487775
16.4907808  ; 3.8437953   ; 8.0000000   ; 3.5390338
16.3060443  ; 3.7672724   ; 8.0000000   ; 3.5296294
16.1206078  ; 3.6924584   ; 8.0000000   ; 3.5205634
15.9345142  ; 3.6192975   ; 8.0000000   ; 3.5118361
15.7478008  ; 3.5477317   ; 8.0000000   ; 3.5034465
15.5605048  ; 3.4777031   ; 8.0000000   ; 3.4953941
15.3726650  ; 3.4091542   ; 8.0000000   ; 3.4876788
15.1843091  ; 3.3420233   ; 8.0000000   ; 3.4802999
14.9954770  ; 3.2762534   ; 8.0000000   ; 3.4732574
14.8061965  ; 3.2117829   ; 8.0000000   ; 3.4665511
14.6164972  ; 3.1485510   ; 8.0000000   ; 3.4601807
14.4264138  ; 3.0864982   ; 8.0000000   ; 3.4541464
14.2359629  ; 3.0255595   ; 8.0000000   ; 3.4484476
14.0451824  ; 2.9656765   ; 8.0000000   ; 3.4430848
13.8540925  ; 2.9067851   ; 8.0000000   ; 3.4380576
13.6627167  ; 2.8488224   ; 8.0000000   ; 3.4333661
13.4710868  ; 2.7917278   ; 8.0000000   ; 3.4290106
13.2792106  ; 2.7354335   ; 8.0000000   ; 3.4249909
13.0871248  ; 2.6798804   ; 8.0000000   ; 3.4213076
12.8948440  ; 2.6250025   ; 8.0000000   ; 3.4179608
12.7023872  ; 2.5707352   ; 8.0000000   ; 3.4149522
12.5097844  ; 2.5170167   ; 8.0000000   ; 3.4122823
12.3170374  ; 2.4637769   ; 8.0000000   ; 3.4099526
12.1241829  ; 2.4109552   ; 8.0000000   ; 3.4079653
11.9312315  ; 2.3584834   ; 8.0000000   ; 3.4063204
11.7382001  ; 2.3062953   ; 8.0000000   ; 3.4050188
11.5451184  ; 2.2543275   ; 8.0000000   ; 3.4040608
11.3519847  ; 2.2025108   ; 8.0000000   ; 3.4034126
11.1588308  ; 2.1507949   ; 8.0000000   ; 3.4030340
10.9656646  ; 2.0991270   ; 8.0000000   ; 3.4029026
10.7724917  ; 2.0474734   ; 8.0000000   ; 3.4028569
10.5793200  ; 1.9958241   ; 8.0000000   ; 3.4028645
10.3861479  ; 1.9441693   ; 8.0000000   ; 3.4029001
10.1929777  ; 1.8925078   ; 8.0000000   ; 3.4029335
9.9998090   ; 1.8408401   ; 8.0000000   ; 3.4029645
9.8066419   ; 1.7891666   ; 8.0000000   ; 3.4029934
9.6134764   ; 1.7374878   ; 8.0000000   ; 3.4030202
9.4203120   ; 1.6858039   ; 8.0000000   ; 3.4030452
9.2271490   ; 1.6341154   ; 8.0000000   ; 3.4030687
9.0339871   ; 1.5824224   ; 8.0000000   ; 3.4030907
8.8408263   ; 1.5307254   ; 8.0000000   ; 3.4031116
8.6476667   ; 1.4790244   ; 8.0000000   ; 3.4031312
8.4545079   ; 1.4273197   ; 8.0000000   ; 3.4031496
8.2613501   ; 1.3756116   ; 8.0000000   ; 3.4031670
8.0681932   ; 1.3239002   ; 8.0000000   ; 3.4031832
7.8750370   ; 1.2721859   ; 8.0000000   ; 3.4031984
7.6818817   ; 1.2204686   ; 8.0000000   ; 3.4032125
7.4887270   ; 1.1687488   ; 8.0000000   ; 3.4032257
7.2955730   ; 1.1170265   ; 8.0000000   ; 3.4032379
7.1024196   ; 1.0653019   ; 8.0000000   ; 3.4032492
6.9092667   ; 1.0135752   ; 8.0000000   ; 3.4032596
6.7161145   ; 0.9618466   ; 8.0000000   ; 3.4032692
6.5229626   ; 0.9101162   ; 8.0000000   ; 3.4032780
6.3298112   ; 0.8583842   ; 8.0000000   ; 3.4032859
6.1366602   ; 0.8066508   ; 8.0000000   ; 3.4032932
5.9435095   ; 0.7549160   ; 8.0000000   ; 3.4032997
5.7503592   ; 0.7031800   ; 8.0000000   ; 3.4033056
5.5572091   ; 0.6514429   ; 8.0000000   ; 3.4033109
5.3640593   ; 0.5997049   ; 8.0000000   ; 3.4033156
5.1709097   ; 0.5479660   ; 8.0000000   ; 3.4033197
4.9777604   ; 0.4962264   ; 8.0000000   ; 3.4033234
4.7846112   ; 0.4444861   ; 8.0000000   ; 3.4033265
4.5914621   ; 0.3927452   ; 8.0000000   ; 3.4033293
4.3983133   ; 0.3410038   ; 8.0000000   ; 3.4033317
4.2051645   ; 0.2892620   ; 8.0000000   ; 3.4033338
4.0120158   ; 0.2375199   ; 8.0000000   ; 3.4033356
3.8188672   ; 0.1857774   ; 8.0000000   ; 3.4033372
3.6257187   ; 0.1340346   ; 8.0000000   ; 3.4033386
3.4325702   ; 0.0822915   ; 8.0000000   ; 3.4033399
3.2394218   ; 0.0305483   ; 8.0000000   ; 3.4033411
3.0462735   ; -0.0211953  ; 8.0000000   ; 3.4033423
2.8531252   ; -0.0729390  ; 8.0000000   ; 3.4033435
2.6599770   ; -0.1246830  ; 8.0000000   ; 3.4033449
2.4668289   ; -0.1764273  ; 8.0000000   ; 3.4033464
2.2736809   ; -0.2281719  ; 8.0000000   ; 3.4033481
2.0805329   ; -0.2799168  ; 8.0000000   ; 3.4033502
1.8873851   ; -0.3316622  ; 8.0000000   ; 3.4033526
1.6942374   ; -0.3834081  ; 8.0000000   ; 3.4033554
1.5010899   ; -0.4351546  ; 8.0000000   ; 3.4033587
1.3079426   ; -0.4869018  ; 8.0000000   ; 3.4033626
1.1147954   ; -0.5386497  ; 8.0000000   ; 3.4033671
0.9216485   ; -0.5903987  ; 8.0000000   ; 3.4033723
0.7285020   ; -0.6421487  ; 8.0000000   ; 3.4033783
0.5353557   ; -0.6938999  ; 8.0000000   ; 3.4033852
0.3422098   ; -0.7456526  ; 8.0000000   ; 3.4033930
0.1490644   ; -0.7974068  ; 8.0000000   ; 3.4034019
-0.0440806  ; -0.8491629  ; 8.0000000   ; 3.4034118